link,street,city,state,zip,square_feet,price,bedrooms,bathroom,type
https://www.trulia.com/property/3262710092-223-Ogden-Ave-Jersey-City-NJ-07307,223 Ogden Ave,Jersey City,NJ,7307,1656.0,570000.0,3 Bedrooms,1 full Bathroom,Single-Family Home
https://www.trulia.com/property/3262875817-187-Wayne-St-401-C-Jersey-City-NJ-07302,187 Wayne St #401 C,Jersey City,NJ,7302,815.0,585000.0,1 Bedroom,1 full Bathroom,Condo
https://www.trulia.com/property/3053415607-270-Harrison-Ave-306-Jersey-City-NJ-07304,270 Harrison Ave #306,Jersey City,NJ,7304,655.0,139000.0,1 Bedroom,1 full Bathroom,Condo
https://www.trulia.com/property/3170111903-149-Essex-St-3N-Jersey-City-NJ-07302,149 Essex St #3N,Jersey City,NJ,7302,704.0,549000.0,1 Bedroom,2 full Bathrooms,Condo
https://www.trulia.com/property/3262710901-120-Lincoln-St-Jersey-City-NJ-07307,120 Lincoln St,Jersey City,NJ,7307,1200.0,399999.0,3 Bedrooms,2 full Bathrooms,Condo
https://www.trulia.com/property/3262747131-75-Fairview-Ave-34-Jersey-City-NJ-07304,75 Fairview Ave #34,Jersey City,NJ,7304,941.0,250000.0,2 Bedrooms,1 full Bathroom,Condo
https://www.trulia.com/property/3262637786-38-Holly-St-Jersey-City-NJ-07305,38 Holly St,Jersey City,NJ,7305,1367.0,325000.0,3 Bedrooms,2 full Bathrooms,Single-Family Home
https://www.trulia.com/property/3263061986-72-Jefferson-Ave-2F-Jersey-City-NJ-07306,72 Jefferson Ave #2F,Jersey City,NJ,7306,600.0,220000.0,2 Bedrooms,1 full Bathroom,Condo
https://www.trulia.com/property/3262786688-225-Saint-Pauls-Ave-3G-Jersey-City-NJ-07306,225 Saint Pauls Ave #3G,Jersey City,NJ,7306,976.0,359000.0,1 Bedroom,1 full Bathroom,Condo
https://www.trulia.com/property/3003547826-464-Central-Ave-B8-Jersey-City-NJ-07307,464 Central Ave #B8,Jersey City,NJ,7307,700.0,259000.0,1 Bedroom,1 full Bathroom,Condo
https://www.trulia.com/property/3262832084-202-Warren-St-1-Jersey-City-NJ-07302,202 Warren St #1,Jersey City,NJ,7302,822.0,549000.0,1 Bedroom,1 full Bathroom,Condo
https://www.trulia.com/property/3263104032-357-Varick-St-426-Jersey-City-NJ-07302,357 Varick St #426,Jersey City,NJ,7302,1250.0,739000.0,2 Bedrooms,2 full Bathrooms,Condo
https://www.trulia.com/property/3045124167-307-4th-St-1-Jersey-City-NJ-07302,307 4th St #1,Jersey City,NJ,7302,2082.0,1549000.0,3 Bedrooms,2 full Bathrooms,Condo
https://www.trulia.com/property/3268574848-1209-Summit-Ave-Jersey-City-NJ-07307,1209 Summit Ave,Jersey City,NJ,7307,1676.0,399000.0,2 Bedrooms,2 full Bathrooms,Condo
https://www.trulia.com/property/3268698136-700-Grove-St-5J-Jersey-City-NJ-07310,700 Grove St #5J,Jersey City,NJ,7310,1300.0,670000.0,2 Bedrooms,2 full Bathrooms,Condo
https://www.trulia.com/property/3105370675-10-Regent-St-410-Jersey-City-NJ-07302,10 Regent St #410,Jersey City,NJ,7302,760.0,580000.0,1 Bedroom,1 full Bathroom,Condo
https://www.trulia.com/property/3262947477-2600-John-F-Kennedy-Blvd-4J-Jersey-City-NJ-07306,2600 John F Kennedy Blvd #4J,Jersey City,NJ,7306,988.0,230000.0,1 Bedroom,1 full Bathroom,Condo
https://www.trulia.com/property/3111083590-132-Coles-St-1-Jersey-City-NJ-07302,132 Coles St #1,Jersey City,NJ,7302,657.0,450000.0,2 Bedrooms,1 full Bathroom,Condo
https://www.trulia.com/property/3262816688-88-Morgan-St-906-Jersey-City-NJ-07302,88 Morgan St #906,Jersey City,NJ,7302,1203.0,999888.0,2 Bedrooms,2 full Bathrooms,Condo
https://www.trulia.com/property/3039415415-67-Bright-St-1-Jersey-City-NJ-07302,67 Bright St #1,Jersey City,NJ,7302,849.0,619000.0,2 Bedrooms,1 full Bathroom,Condo
https://www.trulia.com/property/3260697073-149-Bentley-Ave-C2-Jersey-City-NJ-07304,149 Bentley Ave #C2,Jersey City,NJ,7304,1064.0,289000.0,2 Bedrooms,1 full Bathroom,Condo
https://www.trulia.com/property/3260654174-135-Montgomery-St-4I-Jersey-City-NJ-07302,135 Montgomery St #4I,Jersey City,NJ,7302,701.0,499000.0,2 Bedrooms,1 full Bathroom,Coop
https://www.trulia.com/property/3262350046-1209-Summit-Ave-410-Jersey-City-NJ-07307,1209 Summit Ave #410,Jersey City,NJ,7307,1676.0,399000.0,2 Bedrooms,2 full Bathrooms,Condo
https://www.trulia.com/property/3260716498-417-Ogden-Ave-2-Jersey-City-NJ-07307,417 Ogden Ave #2,Jersey City,NJ,7307,1246.0,709000.0,3 Bedrooms,2 full Bathrooms,Condo
https://www.trulia.com/property/3193172817-167-Wayne-St-207-Jersey-City-NJ-07302,167 Wayne St #207,Jersey City,NJ,7302,1055.0,775000.0,2 Bedrooms,1 full Bathroom,Condo
https://www.trulia.com/property/3262126758-260-Harrison-Ave-501-Jersey-City-NJ-07304,260 Harrison Ave #501,Jersey City,NJ,7304,617.0,185000.0,1 Bedroom,1 full Bathroom,Condo
https://www.trulia.com/property/3160370918-106-Griffith-St-Jersey-City-NJ-07307,106 Griffith St,Jersey City,NJ,7307,918.0,398888.0,3 Bedrooms,3 full Bathrooms,Single-Family Home
https://www.trulia.com/property/3260595970-167-Wayne-St-102A-Jersey-City-NJ-07302,167 Wayne St #102A,Jersey City,NJ,7302,1654.0,719000.0,2 Bedrooms,2 full Bathrooms,Condo
https://www.trulia.com/property/3074946073-117-Kensington-Ave-301-Jersey-City-NJ-07304,117 Kensington Ave #301,Jersey City,NJ,7304,1373.0,274900.0,2 Bedrooms,1 full Bathroom,Condo
https://www.trulia.com/property/3262422301-88-Morgan-St-802-Jersey-City-NJ-07302,88 Morgan St #802,Jersey City,NJ,7302,837.0,718888.0,1 Bedroom,1 full Bathroom,Condo
https://www.trulia.com/property/3261584175-277-Harrison-Ave-A2-Jersey-City-NJ-07304,277 Harrison Ave #A2,Jersey City,NJ,7304,761.0,129000.0,1 Bedroom,1 full Bathroom,Condo
https://www.trulia.com/property/3261701549-4-Beacon-Way-1402-Jersey-City-NJ-07304,4 Beacon Way #1402,Jersey City,NJ,7304,1280.0,470000.0,2 Bedrooms,2 full Bathrooms,Condo
https://www.trulia.com/property/3261928031-74-Palisade-Ave-5-Jersey-City-NJ-07306,74 Palisade Ave #5,Jersey City,NJ,7306,888.0,289000.0,1 Bedroom,1 full Bathroom,Condo
https://www.trulia.com/property/3259866111-157-South-St-Jersey-City-NJ-07307,157 South St,Jersey City,NJ,7307,1400.0,418000.0,3 Bedrooms,2 full Bathrooms,Single-Family Home
https://www.trulia.com/property/3114117392-204-6th-St-3L-Jersey-City-NJ-07302,204 6th St #3L,Jersey City,NJ,7302,575.0,420000.0,1 Bedroom,1 full Bathroom,Condo
https://www.trulia.com/property/3262211789-126-Webster-Ave-3E-Jersey-City-NJ-07307,126 Webster Ave #3E,Jersey City,NJ,7307,1655.0,750000.0,2 Bedrooms,1 full Bathroom,Condo
https://www.trulia.com/property/3260075766-43-Van-Wagenen-Ave-3C-Jersey-City-NJ-07306,43 Van Wagenen Ave #3C,Jersey City,NJ,7306,795.0,309000.0,2 Bedrooms,1 full Bathroom,Condo
https://www.trulia.com/property/3119040299-59-Saint-Pauls-Ave-1L-Jersey-City-NJ-07306,59 Saint Pauls Ave #1L,Jersey City,NJ,7306,1300.0,239000.0,3 Bedrooms,2 full Bathrooms,Condo
https://www.trulia.com/property/3121400922-306-2nd-St-2A-Jersey-City-NJ-07302,306 2nd St #2A,Jersey City,NJ,7302,911.0,572000.0,2 Bedrooms,1 full Bathroom,Condo
https://www.trulia.com/property/3041893699-33-Long-St-2L-Jersey-City-NJ-07305,33 Long St #2L,Jersey City,NJ,7305,650.0,155000.0,1 Bedroom,1 full Bathroom,Condo
https://www.trulia.com/property/3259831958-30-Constitution-Way-105-Jersey-City-NJ-07305,30 Constitution Way #105,Jersey City,NJ,7305,750.0,269000.0,1 Bedroom,1 full Bathroom,Condo
https://www.trulia.com/property/3260399822-187-Wayne-St-402C-Jersey-City-NJ-07302,187 Wayne St #402C,Jersey City,NJ,7302,807.0,539000.0,1 Bedroom,1 full Bathroom,Condo
https://www.trulia.com/property/3230609764-231-1st-St-1A-Jersey-City-NJ-07302,231 1st St #1A,Jersey City,NJ,7302,1062.0,1065000.0,2 Bedrooms,2 full Bathrooms,Condo
https://www.trulia.com/property/3262008504-277-Harrison-Ave-E7-Jersey-City-NJ-07304,277 Harrison Ave #E7,Jersey City,NJ,7304,1170.0,229000.0,2 Bedrooms,1 full Bathroom,Condo
https://www.trulia.com/property/1073188602-238-Ogden-Ave-4-Jersey-City-NJ-07307,238 Ogden Ave #4,Jersey City,NJ,7307,734.0,150000.0,2 Bedrooms,1 full Bathroom,Condo
https://www.trulia.com/property/3262321033-88-Morgan-St-1409-Jersey-City-NJ-07302,88 Morgan St #1409,Jersey City,NJ,7302,843.0,709000.0,1 Bedroom,1 full Bathroom,Condo
https://www.trulia.com/property/3210689852-63-Van-Reipen-Ave-Jersey-City-NJ-07306,63 Van Reipen Ave,Jersey City,NJ,7306,1850.0,899000.0,3 Bedrooms,2 full Bathrooms,Multi-Family
https://www.trulia.com/property/3258097463-96-A-Suburbia-Dr-Jersey-City-NJ-07305,96 A Suburbia Dr,Jersey City,NJ,7305,825.0,177851.0,2 Bedrooms,"1 full, 1 partial Bathrooms",Condo
https://www.trulia.com/property/3236003749-187-Wayne-St-104-C-Jersey-City-NJ-07302,187 Wayne St #104 C,Jersey City,NJ,7302,787.0,499000.0,1 Bedroom,1 full Bathroom,Condo
https://www.trulia.com/property/3261986238-109-Shearwater-Ct-E-44-Jersey-City-NJ-07305,109 Shearwater Ct E #44,Jersey City,NJ,7305,1035.0,375000.0,1 Bedroom,"1 full, 1 partial Bathrooms",Condo
https://www.trulia.com/property/3259837928-205-10th-St-3A-Jersey-City-NJ-07302,205 10th St #3A,Jersey City,NJ,7302,1680.0,800000.0,2 Bedrooms,2 full Bathrooms,Condo
https://www.trulia.com/property/3260671744-207-Shearwater-Ct-W-54-Jersey-City-NJ-07305,207 Shearwater Ct W #54,Jersey City,NJ,7305,1350.0,419000.0,2 Bedrooms,2 full Bathrooms,Condo
https://www.trulia.com/property/3260528791-608-Bramhall-Ave-1B-Jersey-City-NJ-07304,608 Bramhall Ave #1B,Jersey City,NJ,7304,853.0,169900.0,2 Bedrooms,1 full Bathroom,Condo
https://www.trulia.com/property/3262171027-149-Grant-Ave-3C-Jersey-City-NJ-07305,149 Grant Ave #3C,Jersey City,NJ,7305,851.0,125000.0,2 Bedrooms,1 full Bathroom,Condo
https://www.trulia.com/property/3208414165-44-Beacon-Ave-1F-Jersey-City-NJ-07306,44 Beacon Ave #1F,Jersey City,NJ,7306,800.0,274000.0,2 Bedrooms,"1 full, 1 partial Bathrooms",Condo
https://www.trulia.com/property/3012072569-126-Dudley-St-220-Jersey-City-NJ-07302,126 Dudley St #220,Jersey City,NJ,7302,1275.0,999000.0,2 Bedrooms,2 full Bathrooms,Condo
https://www.trulia.com/property/3262537419-476-Monmouth-St-402-Jersey-City-NJ-07302,476 Monmouth St #402,Jersey City,NJ,7302,810.0,699000.0,2 Bedrooms,1 full Bathroom,Condo
https://www.trulia.com/property/3002247097-1-Greene-St-M8-Jersey-City-NJ-07302,1 Greene St #M8,Jersey City,NJ,7302,1227.0,798000.0,2 Bedrooms,2 full Bathrooms,Condo
https://www.trulia.com/property/3262500440-238-Ogden-Ave-6-Jersey-City-NJ-07307,238 Ogden Ave #6,Jersey City,NJ,7307,750.0,400000.0,2 Bedrooms,1 full Bathroom,Condo
https://www.trulia.com/property/3259757182-612-Jersey-Ave-2-Jersey-City-NJ-07302,612 Jersey Ave #2,Jersey City,NJ,7302,600.0,450000.0,1 Bedroom,1 full Bathroom,Condo
https://www.trulia.com/property/3259837119-110-Booraem-Ave-3-Jersey-City-NJ-07307,110 Booraem Ave #3,Jersey City,NJ,7307,1200.0,399000.0,3 Bedrooms,1 full Bathroom,Condo
https://www.trulia.com/property/3261665859-100-Prospect-St-205-Jersey-City-NJ-07307,100 Prospect St #205,Jersey City,NJ,7307,394.0,149000.0,1 Bedroom,1 full Bathroom,Condo
https://www.trulia.com/property/3259764355-88-Morgan-St-3805-Jersey-City-NJ-07302,88 Morgan St #3805,Jersey City,NJ,7302,1486.0,1268888.0,2 Bedrooms,2 full Bathrooms,Condo
https://www.trulia.com/property/3238329767-62-Carlton-Ave-1-Jersey-City-NJ-07306,62 Carlton Ave #1,Jersey City,NJ,7306,2020.0,629000.0,4 Bedrooms,"3 full, 1 partial Bathrooms",Condo
https://www.trulia.com/property/3139527753-349-Pavonia-Ave-1-Jersey-City-NJ-07302,349 Pavonia Ave #1,Jersey City,NJ,7302,887.0,599000.0,2 Bedrooms,2 full Bathrooms,Condo
https://www.trulia.com/property/3262198196-184-5-Stegman-St-Jersey-City-NJ-07305,184 5 Stegman St,Jersey City,NJ,7305,1450.0,205000.0,3 Bedrooms,"1 full, 1 partial Bathrooms",Single-Family Home
https://www.trulia.com/property/3239274485-429-Fairmount-Ave-110-Jersey-City-NJ-07306,429 Fairmount Ave #110,Jersey City,NJ,7306,501.0,149000.0,1 Bedroom,1 full Bathroom,Condo
https://www.trulia.com/property/3262488607-300-Communipaw-Ave-201-Jersey-City-NJ-07304,300 Communipaw Ave #201,Jersey City,NJ,7304,1006.0,499000.0,2 Bedrooms,1 full Bathroom,Condo
https://www.trulia.com/property/3261329415-81-83-Grand-St-8-Jersey-City-NJ-07302,81-83 Grand St #8,Jersey City,NJ,7302,1036.0,699000.0,1 Bedroom,"1 full, 1 partial Bathrooms",Condo
https://www.trulia.com/property/3187661757-4-Beacon-Way-408-Jersey-City-NJ-07304,4 Beacon Way #408,Jersey City,NJ,7304,1264.0,429000.0,2 Bedrooms,2 full Bathrooms,Condo
https://www.trulia.com/property/3259960023-276-Griffith-St-2-Jersey-City-NJ-07307,276 Griffith St #2,Jersey City,NJ,7307,1367.0,475000.0,3 Bedrooms,2 full Bathrooms,Condo
https://www.trulia.com/property/1091740669-74-Palisade-Ave-8-Jersey-City-NJ-07306,74 Palisade Ave #8,Jersey City,NJ,7306,1000.0,265000.0,1 Bedroom,1 full Bathroom,Condo
https://www.trulia.com/property/3262149243-120-Sherman-Ave-3D-Jersey-City-NJ-07307,120 Sherman Ave #3D,Jersey City,NJ,7307,770.0,346500.0,1 Bedroom,1 full Bathroom,Condo
https://www.trulia.com/property/3207309784-348-Palisade-Ave-202-Jersey-City-NJ-07307,348 Palisade Ave #202,Jersey City,NJ,7307,700.0,198000.0,2 Bedrooms,1 full Bathroom,Condo
https://www.trulia.com/property/3260798248-305-Whiton-St-201-Jersey-City-NJ-07304,305 Whiton St #201,Jersey City,NJ,7304,800.0,299000.0,1 Bedroom,1 full Bathroom,Condo
https://www.trulia.com/property/3261724599-76-Astor-Pl-Jersey-City-NJ-07304,76 Astor Pl,Jersey City,NJ,7304,600.0,329000.0,3 Bedrooms,3 full Bathrooms,Townhouse
https://www.trulia.com/property/3260632314-16-Butternut-St-52E-Jersey-City-NJ-07305,16 Butternut St #52E,Jersey City,NJ,7305,1310.0,315000.0,2 Bedrooms,1 full Bathroom,Condo
https://www.trulia.com/property/3231763541-33-Griffith-St-2-Jersey-City-NJ-07307,33 Griffith St #2,Jersey City,NJ,7307,1500.0,875000.0,3 Bedrooms,3 full Bathrooms,Condo
https://www.trulia.com/property/3262356286-443-2nd-St-417-Jersey-City-NJ-07302,443 2nd St #417,Jersey City,NJ,7302,1181.0,775000.0,2 Bedrooms,2 full Bathrooms,Condo
https://www.trulia.com/property/3156156556-299-Pavonia-Ave-3-1-Jersey-City-NJ-07302,299 Pavonia Ave #3-1,Jersey City,NJ,7302,3500.0,2495000.0,3 Bedrooms,"2 full, 1 partial Bathrooms",Condo
https://www.trulia.com/property/3260482858-122-Liberty-View-Dr-F-310-Jersey-City-NJ-07302,122 Liberty View Dr #F 310,Jersey City,NJ,7302,1812.0,1500000.0,3 Bedrooms,3 full Bathrooms,Condo
https://www.trulia.com/property/3261017450-204-6th-St-3R-Jersey-City-NJ-07302,204 6th St #3R,Jersey City,NJ,7302,575.0,415000.0,1 Bedroom,1 full Bathroom,Townhouse
https://www.trulia.com/property/1090102300-8-Alder-St-6H-Jersey-City-NJ-07305,8 Alder St #6H,Jersey City,NJ,7305,1300.0,284900.0,2 Bedrooms,2 full Bathrooms,Condo
https://www.trulia.com/property/3247276387-44-Prospect-St-1-D-Jersey-City-NJ-07307,44 Prospect St #1-D,Jersey City,NJ,7307,1457.0,449000.0,3 Bedrooms,2 full Bathrooms,Condo
https://www.trulia.com/property/3262806251-45-River-Dr-S-2906-Jersey-City-NJ-07310,45 River Dr S #2906,Jersey City,NJ,7310,1377.0,919000.0,3 Bedrooms,2 full Bathrooms,Condo
https://www.trulia.com/property/3268579081-700-Grove-St-8B-Jersey-City-NJ-07310,700 Grove St #8B,Jersey City,NJ,7310,1471.0,825000.0,2 Bedrooms,2 full Bathrooms,Condo
https://www.trulia.com/property/3262859192-40-Cottonwood-St-24P-Jersey-City-NJ-07305,40 Cottonwood St #24P,Jersey City,NJ,7305,1398.0,334900.0,2 Bedrooms,"1 full, 1 partial Bathrooms",Condo
https://www.trulia.com/property/3262960023-3306-John-F-Kennedy-Blvd-Jersey-City-NJ-07307,3306 John F Kennedy Blvd,Jersey City,NJ,7307,950.0,375597.0,3 Bedrooms,2 full Bathrooms,Townhouse
https://www.trulia.com/property/3263017006-700-Grove-St-10V-Jersey-City-NJ-07310,700 Grove St #10V,Jersey City,NJ,7310,709.0,475000.0,1 Bedroom,1 full Bathroom,Condo
https://www.trulia.com/property/3263035134-2615-John-F-Kennedy-Blvd-306-Jersey-City-NJ-07306,2615 John F Kennedy Blvd #306,Jersey City,NJ,7306,684.0,245000.0,1 Bedroom,1 full Bathroom,Condo
https://www.trulia.com/property/3268706488-282-Magnolia-Ave-9-Jersey-City-NJ-07306,282 Magnolia Ave #9,Jersey City,NJ,7306,830.0,315000.0,2 Bedrooms,1 full Bathroom,Condo
https://www.trulia.com/property/3268608608-126-Dudley-St-410-Jersey-City-NJ-07302,126 Dudley St #410,Jersey City,NJ,7302,1155.0,949000.0,2 Bedrooms,2 full Bathrooms,Condo
https://www.trulia.com/property/3268658443-46-Cypress-St-Jersey-City-NJ-07305,46 Cypress St,Jersey City,NJ,7305,1554.0,369900.0,3 Bedrooms,2 full Bathrooms,Condo
https://www.trulia.com/property/3262971116-102-Christopher-Columbus-Dr-1-Jersey-City-NJ-07302,102 Christopher Columbus Dr #1,Jersey City,NJ,7302,1181.0,1025000.0,2 Bedrooms,2 full Bathrooms,Condo
https://www.trulia.com/property/3263057753-72-Essex-St-3-Jersey-City-NJ-07302,72 Essex St #3,Jersey City,NJ,7302,1185.0,1025000.0,2 Bedrooms,2 full Bathrooms,Condo
https://www.trulia.com/property/1094573372-30-Freedomway-404-Jersey-City-NJ-07305,30 Freedomway #404,Jersey City,NJ,7305,1510.0,559000.0,2 Bedrooms,2 full Bathrooms,Condo
https://www.trulia.com/property/3258108598-201-Marin-Blvd-2-818-Jersey-City-NJ-07302,201 Marin Blvd #2-818,Jersey City,NJ,7302,1423.0,1228000.0,2 Bedrooms,3 full Bathrooms,Condo
https://www.trulia.com/property/3268673564-29-Halfmoon-Isle-Jersey-City-NJ-07305,29 Halfmoon Isle,Jersey City,NJ,7305,2700.0,1395000.0,3 Bedrooms,"3 full, 1 partial Bathrooms",Condo
https://www.trulia.com/builder-community/The-Oakman-Condominiums-3258469102/new-home/Two-Bedroom-Den-Plan/3268725355,Two Bedroom + Den Plan,Jersey City,NJ,7302,1263.0,1349500.0,3 Bedrooms,2 full Bathrooms,Condo
https://www.trulia.com/property/3261702178-201-Saint-Pauls-Ave-3S-Jersey-City-NJ-07306,201 Saint Pauls Ave #3S,Jersey City,NJ,7306,906.0,330000.0,1 Bedroom,1 full Bathroom,Condo
https://www.trulia.com/property/3155619429-126-Webster-Ave-2D-Jersey-City-NJ-07307,126 Webster Ave #2D,Jersey City,NJ,7307,1387.0,615000.0,2 Bedrooms,1 full Bathroom,Condo
https://www.trulia.com/property/3121371567-50-Dey-St-225-Jersey-City-NJ-07306,50 Dey St #225,Jersey City,NJ,7306,1052.0,529000.0,2 Bedrooms,2 full Bathrooms,Condo
https://www.trulia.com/property/3260440202-102-Poplar-St-1-Jersey-City-NJ-07307,102 Poplar St #1,Jersey City,NJ,7307,1700.0,650000.0,3 Bedrooms,"2 full, 1 partial Bathrooms",Condo
https://www.trulia.com/property/3073810094-12-Bright-St-1-Jersey-City-NJ-07302,12 Bright St #1,Jersey City,NJ,7302,1055.0,740000.0,2 Bedrooms,2 full Bathrooms,Condo
https://www.trulia.com/property/3262327917-45-River-Dr-S-2007-Jersey-City-NJ-07310,45 River Dr S #2007,Jersey City,NJ,7310,800.0,579000.0,1 Bedroom,1 full Bathroom,Condo
https://www.trulia.com/property/1079502882-60-Erie-St-305-Jersey-City-NJ-07302,60 Erie St #305,Jersey City,NJ,7302,1188.0,849000.0,3 Bedrooms,2 full Bathrooms,Single-Family Home
https://www.trulia.com/property/3114836948-700-Grove-St-12F-Jersey-City-NJ-07310,700 Grove St #12F,Jersey City,NJ,7310,1640.0,910000.0,2 Bedrooms,2 full Bathrooms,Condo
https://www.trulia.com/property/3261523486-204-North-St-3B-Jersey-City-NJ-07307,204 North St #3B,Jersey City,NJ,7307,800.0,250000.0,2 Bedrooms,1 full Bathroom,Coop
https://www.trulia.com/property/3243776052-700-Grove-St-4U-Jersey-City-NJ-07310,700 Grove St #4U,Jersey City,NJ,7310,1211.0,699999.0,2 Bedrooms,2 full Bathrooms,Condo
https://www.trulia.com/property/3261032102-176-Sherman-Ave-304-Jersey-City-NJ-07307,176 Sherman Ave #304,Jersey City,NJ,7307,1157.0,529000.0,1 Bedroom,1 full Bathroom,Condo
https://www.trulia.com/property/3261092086-300-Communipaw-Ave-39-Jersey-City-NJ-07304,300 Communipaw Ave #39,Jersey City,NJ,7304,1091.0,379900.0,1 Bedroom,1 full Bathroom,Condo
https://www.trulia.com/property/3048243047-77-Hudson-St-1509-Jersey-City-NJ-07302,77 Hudson St #1509,Jersey City,NJ,7302,915.0,985000.0,1 Bedroom,1 full Bathroom,Condo
https://www.trulia.com/property/3059762627-2-2nd-St-3305-Jersey-City-NJ-07302,2 2nd St #3305,Jersey City,NJ,7302,1371.0,2050000.0,2 Bedrooms,"2 full, 1 partial Bathrooms",Condo
https://www.trulia.com/property/3212355363-65-2nd-St-2609-Jersey-City-NJ-07302,65 2nd St #2609,Jersey City,NJ,7302,1503.0,1550000.0,3 Bedrooms,3 full Bathrooms,Condo
https://www.trulia.com/property/3260444167-14-Kissam-Ct-11N-Jersey-City-NJ-07305,14 Kissam Ct #11N,Jersey City,NJ,7305,1866.0,532000.0,3 Bedrooms,"2 full, 2 partial Bathrooms",Condo
https://www.trulia.com/property/3261387461-201-Marin-Blvd-1011-Jersey-City-NJ-07302,201 Marin Blvd #1011,Jersey City,NJ,7302,2881.0,2395000.0,4 Bedrooms,3 full Bathrooms,Condo
https://www.trulia.com/property/3261118186-225-Saint-Pauls-Ave-14R-Jersey-City-NJ-07306,225 Saint Pauls Ave #14R,Jersey City,NJ,7306,888.0,350000.0,1 Bedroom,1 full Bathroom,Condo
https://www.trulia.com/property/3262118857-20-Newport-Pkwy-2312-Jersey-City-NJ-07310,20 Newport Pkwy #2312,Jersey City,NJ,7310,1335.0,1200000.0,2 Bedrooms,2 full Bathrooms,Condo
https://www.trulia.com/property/3046581979-277-Harrison-Ave-2E-Jersey-City-NJ-07304,277 Harrison Ave #2E,Jersey City,NJ,7304,742.0,185000.0,3 Bedrooms,1 full Bathroom,Condo
https://www.trulia.com/property/3023469191-4-Beacon-Way-506-Jersey-City-NJ-07304,4 Beacon Way #506,Jersey City,NJ,7304,1106.0,425000.0,2 Bedrooms,2 full Bathrooms,Condo
https://www.trulia.com/property/3223082632-77-Hudson-St-4501-Jersey-City-NJ-07302,77 Hudson St #4501,Jersey City,NJ,7302,1680.0,1900000.0,2 Bedrooms,2 full Bathrooms,Condo
https://www.trulia.com/property/3260445659-102-Poplar-St-2-Jersey-City-NJ-07307,102 Poplar St #2,Jersey City,NJ,7307,1300.0,650000.0,3 Bedrooms,2 full Bathrooms,Condo
https://www.trulia.com/property/3010416543-15-Freedomway-311-Jersey-City-NJ-07305,15 Freedomway #311,Jersey City,NJ,7305,1171.0,315000.0,2 Bedrooms,2 full Bathrooms,Townhouse
https://www.trulia.com/property/3261531580-88-Morgan-St-7-4-Jersey-City-NJ-07302,88 Morgan St #7-4,Jersey City,NJ,7302,2050.0,3200000.0,3 Bedrooms,3 full Bathrooms,Condo
https://www.trulia.com/property/3259545027-41-Broadway-205-Jersey-City-NJ-07306,41 Broadway #205,Jersey City,NJ,7306,765.0,365000.0,1 Bedroom,1 full Bathroom,Condo
https://www.trulia.com/property/3232100161-88-Morgan-St-3008-Jersey-City-NJ-07302,88 Morgan St #3008,Jersey City,NJ,7302,837.0,748888.0,1 Bedroom,1 full Bathroom,Condo
https://www.trulia.com/property/3262399282-1-Congress-St-C4-Jersey-City-NJ-07307,1 Congress St #C4,Jersey City,NJ,7307,1002.0,369000.0,1 Bedroom,1 full Bathroom,Condo
https://www.trulia.com/property/1040548760-689-Luis-Munoz-Marin-Blvd-1008-Jersey-City-NJ-07310,689 Luis Munoz Marin Blvd #1008,Jersey City,NJ,7310,833.0,475000.0,1 Bedroom,1 full Bathroom,Condo
https://www.trulia.com/property/3003410184-55-Bowers-St-2-Jersey-City-NJ-07307,55 Bowers St #2,Jersey City,NJ,7307,640.0,256000.0,1 Bedroom,1 full Bathroom,Single-Family Home
https://www.trulia.com/property/3039233190-135-Montgomery-St-6A-Jersey-City-NJ-07302,135 Montgomery St #6A,Jersey City,NJ,7302,525.0,449000.0,1 Bedroom,1 full Bathroom,Coop
https://www.trulia.com/property/3260784620-20-Newport-Pkwy-1603-Jersey-City-NJ-07310,20 Newport Pkwy #1603,Jersey City,NJ,7310,840.0,789888.0,1 Bedroom,1 full Bathroom,Condo
https://www.trulia.com/property/3262312115-104-Palisade-Ave-B2-Jersey-City-NJ-07306,104 Palisade Ave #B2,Jersey City,NJ,7306,755.0,365000.0,1 Bedroom,1 full Bathroom,Condo
https://www.trulia.com/property/3262303696-41-Broadway-102-Jersey-City-NJ-07306,41 Broadway #102,Jersey City,NJ,7306,1710.0,695000.0,3 Bedrooms,"2 full, 1 partial Bathrooms",Condo
https://www.trulia.com/property/3262305553-41-Broadway-202-Jersey-City-NJ-07306,41 Broadway #202,Jersey City,NJ,7306,1710.0,695000.0,3 Bedrooms,"2 full, 1 partial Bathrooms",Condo
https://www.trulia.com/property/3260651484-324-Baldwin-Ave-2R-Jersey-City-NJ-07306,324 Baldwin Ave #2R,Jersey City,NJ,7306,1000.0,409000.0,2 Bedrooms,2 full Bathrooms,Condo
https://www.trulia.com/property/3261086535-700-Grove-St-PH-12A-Jersey-City-NJ-07310,700 Grove St #PH 12A,Jersey City,NJ,7310,1373.0,789000.0,2 Bedrooms,2 full Bathrooms,Condo
https://www.trulia.com/property/3262227579-430-Ogden-Ave-4-Jersey-City-NJ-07307,430 Ogden Ave #4,Jersey City,NJ,7307,1950.0,725000.0,3 Bedrooms,2 full Bathrooms,Condo
https://www.trulia.com/property/3261782567-201-Marin-Blvd-1018-Jersey-City-NJ-07302,201 Marin Blvd #1018,Jersey City,NJ,7302,780.0,678000.0,1 Bedroom,1 full Bathroom,Condo
https://www.trulia.com/property/3261106604-77-Hudson-St-3403-Jersey-City-NJ-07302,77 Hudson St #3403,Jersey City,NJ,7302,1510.0,1799998.0,3 Bedrooms,2 full Bathrooms,Condo
https://www.trulia.com/property/3142366758-20-2nd-St-1006-Jersey-City-NJ-07302,20 2nd St #1006,Jersey City,NJ,7302,674.0,688000.0,1 Bedroom,1 full Bathroom,Condo
https://www.trulia.com/property/3262792989-201-Marin-Blvd-610-Jersey-City-NJ-07302,201 Marin Blvd #610,Jersey City,NJ,7302,881.0,749999.0,1 Bedroom,1 full Bathroom,Condo
https://www.trulia.com/property/3262181549-43-Van-Wagenen-Ave-4D-Jersey-City-NJ-07306,43 Van Wagenen Ave #4D,Jersey City,NJ,7306,675.0,260000.0,1 Bedroom,1 full Bathroom,Condo
https://www.trulia.com/property/3261975685-201-Marin-Blvd-810-Jersey-City-NJ-07302,201 Marin Blvd #810,Jersey City,NJ,7302,1000.0,749990.0,1 Bedroom,1 full Bathroom,Condo
https://www.trulia.com/property/3154323539-25-Hudson-St-104-Jersey-City-NJ-07302,25 Hudson St #104,Jersey City,NJ,7302,1321.0,1299000.0,2 Bedrooms,"2 full, 1 partial Bathrooms",Condo
https://www.trulia.com/property/3260655825-88-Morgan-St-Jersey-City-NJ-07302,88 Morgan St,Jersey City,NJ,7302,837.0,748800.0,1 Bedroom,1 full Bathroom,Condo
https://www.trulia.com/property/3261222923-31-Cedar-St-Jersey-City-NJ-07305,31 Cedar St,Jersey City,NJ,7305,1271.0,305000.0,2 Bedrooms,1 full Bathroom,Single-Family Home
https://www.trulia.com/property/3261486403-1-2nd-St-2004-Jersey-City-NJ-07302,1 2nd St #2004,Jersey City,NJ,7302,1158.0,999999.0,2 Bedrooms,2 full Bathrooms,Condo
https://www.trulia.com/property/3260824429-77-Hudson-St-PH4806-Jersey-City-NJ-07302,77 Hudson St #PH4806,Jersey City,NJ,7302,1175.0,1999888.0,2 Bedrooms,2 full Bathrooms,Condo
https://www.trulia.com/property/3008175631-300-Communipaw-Ave-102-Jersey-City-NJ-07304,300 Communipaw Ave #102,Jersey City,NJ,7304,741.0,369900.0,1 Bedroom,1 full Bathroom,Condo
https://www.trulia.com/property/3199213170-77-Hudson-St-4111-Jersey-City-NJ-07302,77 Hudson St #4111,Jersey City,NJ,7302,942.0,899000.0,1 Bedroom,"1 full, 1 partial Bathrooms",Condo
https://www.trulia.com/property/3261818122-50-Dey-St-457-Jersey-City-NJ-07306,50 Dey St #457,Jersey City,NJ,7306,1278.0,640000.0,2 Bedrooms,2 full Bathrooms,Condo
https://www.trulia.com/property/1054042039-225-Saint-Pauls-Ave-11H-Jersey-City-NJ-07306,225 Saint Pauls Ave #11H,Jersey City,NJ,7306,862.0,355000.0,1 Bedroom,1 full Bathroom,Condo
https://www.trulia.com/property/3261941374-50-Dey-St-24-Jersey-City-NJ-07306,50 Dey St #24,Jersey City,NJ,7306,662.0,415000.0,1 Bedroom,1 full Bathroom,Condo
https://www.trulia.com/property/3260708263-1-Greene-St-311-Jersey-City-NJ-07302,1 Greene St #311,Jersey City,NJ,7302,886.0,749000.0,1 Bedroom,1 full Bathroom,Condo
https://www.trulia.com/property/3055581080-10-Regent-St-501-Jersey-City-NJ-07302,10 Regent St #501,Jersey City,NJ,7302,1047.0,860000.0,2 Bedrooms,2 full Bathrooms,Condo
https://www.trulia.com/property/3261414928-300-Communipaw-Ave-23-Jersey-City-NJ-07304,300 Communipaw Ave #23,Jersey City,NJ,7304,989.0,364900.0,1 Bedroom,1 full Bathroom,Condo
https://www.trulia.com/property/3052026265-389-Washington-St-11J-Jersey-City-NJ-07302,389 Washington St #11J,Jersey City,NJ,7302,757.0,699000.0,1 Bedroom,1 full Bathroom,Condo
https://www.trulia.com/property/3256738540-126-Dudley-St-104-Jersey-City-NJ-07302,126 Dudley St #104,Jersey City,NJ,7302,739.0,624900.0,1 Bedroom,1 full Bathroom,Condo
https://www.trulia.com/property/3261552520-10-Regent-St-218-Jersey-City-NJ-07302,10 Regent St #218,Jersey City,NJ,7302,697.0,621800.0,1 Bedroom,1 full Bathroom,Condo
https://www.trulia.com/property/3261598459-321-Pacific-Ave-3-3-Jersey-City-NJ-07304,321 Pacific Ave #3 3,Jersey City,NJ,7304,708.0,279000.0,1 Bedroom,1 full Bathroom,Condo
https://www.trulia.com/property/3260900089-159-2nd-St-1202-Jersey-City-NJ-07302,159 2nd St #1202,Jersey City,NJ,7302,1221.0,925000.0,1 Bedroom,2 full Bathrooms,Condo
https://www.trulia.com/property/3256829856-201-Marin-Blvd-2-712-Jersey-City-NJ-07302,201 Marin Blvd #2-712,Jersey City,NJ,7302,770.0,735000.0,1 Bedroom,1 full Bathroom,Condo
https://www.trulia.com/property/3259809741-247-Cambridge-Ave-2-Jersey-City-NJ-07307,247 Cambridge Ave #2,Jersey City,NJ,7307,812.0,479000.0,2 Bedrooms,2 full Bathrooms,Condo
https://www.trulia.com/property/3259810128-247-Cambridge-Ave-3-Jersey-City-NJ-07307,247 Cambridge Ave #3,Jersey City,NJ,7307,809.0,495000.0,2 Bedrooms,2 full Bathrooms,Condo
https://www.trulia.com/property/3260488741-673675-Bergen-Ave-2b-Jersey-City-NJ-07304,673675 Bergen Ave 2b,Jersey City,NJ,7304,618.0,174900.0,1 Bedroom,1 full Bathroom,Condo
https://www.trulia.com/property/3261110890-88-Morgan-St-4306-Jersey-City-NJ-07302,88 Morgan St #4306,Jersey City,NJ,7302,864.0,788888.0,1 Bedroom,1 full Bathroom,Condo
https://www.trulia.com/property/3261399882-201-Marin-Blvd-1424-Jersey-City-NJ-07302,201 Marin Blvd #1424,Jersey City,NJ,7302,738.0,645000.0,1 Bedroom,1 full Bathroom,Condo
https://www.trulia.com/property/3261725020-149-Essex-St-5M-Jersey-City-NJ-07302,149 Essex St #5M,Jersey City,NJ,7302,936.0,850000.0,2 Bedrooms,2 full Bathrooms,Condo
https://www.trulia.com/property/3241796399-9-Atlas-Ct-PH-Jersey-City-NJ-07305,9 Atlas Ct #PH,Jersey City,NJ,7305,1866.0,544500.0,3 Bedrooms,"2 full, 2 partial Bathrooms",Condo
https://www.trulia.com/property/3261149572-201-Marin-Blvd-2-401-Jersey-City-NJ-07302,201 Marin Blvd #2-401,Jersey City,NJ,7302,1017.0,941000.0,1 Bedroom,2 full Bathrooms,Condo
https://www.trulia.com/property/3260829670-24-Lyon-Ct-Jersey-City-NJ-07305,24 Lyon Ct,Jersey City,NJ,7305,1444.0,449000.0,2 Bedrooms,"2 full, 1 partial Bathrooms",Condo
https://www.trulia.com/property/3173400968-93-Irving-St-1-Jersey-City-NJ-07307,93 Irving St #1,Jersey City,NJ,7307,1589.0,629000.0,2 Bedrooms,"2 full, 1 partial Bathrooms",Condo
https://www.trulia.com/property/3260507137-129-Prospect-St-3-Jersey-City-NJ-07307,129 Prospect St #3,Jersey City,NJ,7307,1050.0,599000.0,3 Bedrooms,1 full Bathroom,Condo
https://www.trulia.com/property/3132686055-4-Beacon-Way-604-Jersey-City-NJ-07304,4 Beacon Way #604,Jersey City,NJ,7304,716.0,265000.0,1 Bedroom,1 full Bathroom,Condo
https://www.trulia.com/property/3150179222-159-2nd-St-705-Jersey-City-NJ-07302,159 2nd St #705,Jersey City,NJ,7302,1411.0,899000.0,2 Bedrooms,2 full Bathrooms,Condo
https://www.trulia.com/property/3233553459-204A-W-Shearwater-Ct-54-54-Jersey-City-NJ-07305,204A W Shearwater Ct 54 #54,Jersey City,NJ,7305,2150.0,645000.0,3 Bedrooms,3 full Bathrooms,Condo
https://www.trulia.com/property/3258499116-2271-John-F-Kennedy-Blvd-302-Jersey-City-NJ-07304,2271 John F Kennedy Blvd #302,Jersey City,NJ,7304,372.0,56000.0,1 Bedroom,1 full Bathroom,Condo
https://www.trulia.com/property/3253685144-176-Sherman-Ave-101-Jersey-City-NJ-07307,176 Sherman Ave #101,Jersey City,NJ,7307,1716.0,529000.0,2 Bedrooms,2 full Bathrooms,Condo
https://www.trulia.com/property/3021174936-205-10th-St-5L-Jersey-City-NJ-07302,205 10th St #5L,Jersey City,NJ,7302,650.0,419000.0,1 Bedroom,1 full Bathroom,Condo
https://www.trulia.com/property/3245590295-119-Hancock-Ave-1-Jersey-City-NJ-07307,119 Hancock Ave #1,Jersey City,NJ,7307,1160.0,375000.0,2 Bedrooms,2 full Bathrooms,Condo
https://www.trulia.com/property/3258469194-The-Oakman-Condominiums-160-1st-St-907-Jersey-City-NJ-07302,160 1st St #907,Jersey City,NJ,7302,696.0,719500.0,1 Bedroom,1 full Bathroom,Condo
https://www.trulia.com/property/3159690583-4-Beacon-Way-411-Jersey-City-NJ-07304,4 Beacon Way #411,Jersey City,NJ,7304,778.0,350000.0,1 Bedroom,1 full Bathroom,Condo
https://www.trulia.com/property/3214353177-2672-John-F-Kennedy-Blvd-302-Jersey-City-NJ-07306,2672 John F Kennedy Blvd #302,Jersey City,NJ,7306,964.0,209000.0,3 Bedrooms,1 full Bathroom,Condo
https://www.trulia.com/property/3256630007-295-A-Clerk-St-B1-Jersey-City-NJ-07304,295 A Clerk St #B1,Jersey City,NJ,7304,1100.0,115000.0,3 Bedrooms,1 full Bathroom,Condo
https://www.trulia.com/property/1082889767-194-Woodlawn-Ave-Jersey-City-NJ-07305,194 Woodlawn Ave,Jersey City,NJ,7305,1440.0,150000.0,3 Bedrooms,1 full Bathroom,Single-Family Home
https://www.trulia.com/property/3032086486-78-Wayne-St-201-Jersey-City-NJ-07302,78 Wayne St #201,Jersey City,NJ,7302,1230.0,985000.0,2 Bedrooms,2 full Bathrooms,Condo
https://www.trulia.com/property/3223137677-207-Shearwater-Ct-W-83-Jersey-City-NJ-07305,207 Shearwater Ct W #83,Jersey City,NJ,7305,1915.0,679900.0,3 Bedrooms,"2 full, 1 partial Bathrooms",Condo
https://www.trulia.com/property/3258262190-415-Ogden-Ave-2-Jersey-City-NJ-07307,415 Ogden Ave #2,Jersey City,NJ,7307,1246.0,709000.0,3 Bedrooms,2 full Bathrooms,Condo
https://www.trulia.com/property/1078203552-349-New-York-Ave-5-Jersey-City-NJ-07307,349 New York Ave #5,Jersey City,NJ,7307,1780.0,585000.0,3 Bedrooms,2 full Bathrooms,Condo
https://www.trulia.com/property/3255376230-133-Bidwell-Ave-Jersey-City-NJ-07305,133 Bidwell Ave,Jersey City,NJ,7305,2500.0,340000.0,8 Bedrooms,3 full Bathrooms,Apartment_Condo_Townhouse
https://www.trulia.com/property/3258850205-249-Grove-St-Jersey-City-NJ-07302,249 Grove St,Jersey City,NJ,7302,1500.0,1495000.0,2 Bedrooms,"2 full, 2 partial Bathrooms",Condo
https://www.trulia.com/property/1071861294-106-Duncan-Ave-2R-Jersey-City-NJ-07306,106 Duncan Ave #2R,Jersey City,NJ,7306,766.0,234000.0,2 Bedrooms,2 full Bathrooms,Condo
https://www.trulia.com/property/1053868586-10-Oakdale-Rd-Jersey-City-NJ-07305,10 Oakdale Rd,Jersey City,NJ,7305,1875.0,304900.0,3 Bedrooms,2 full Bathrooms,Single-Family Home
https://www.trulia.com/property/3064375473-149-Essex-St-4E-Jersey-City-NJ-07302,149 Essex St #4E,Jersey City,NJ,7302,705.0,575000.0,1 Bedroom,"1 full, 1 partial Bathrooms",Condo
https://www.trulia.com/property/3256201007-367-3rd-St-303-Jersey-City-NJ-07302,367 3rd St #303,Jersey City,NJ,7302,997.0,849900.0,2 Bedrooms,"1 full, 1 partial Bathrooms",Condo
https://www.trulia.com/property/3039241775-45-River-Dr-S-1509-Jersey-City-NJ-07310,45 River Dr S #1509,Jersey City,NJ,7310,1377.0,879000.0,3 Bedrooms,2 full Bathrooms,Condo
https://www.trulia.com/property/3214269154-389-Washington-St-34D-Jersey-City-NJ-07302,389 Washington St #34D,Jersey City,NJ,7302,600.0,650000.0,1 Bedroom,1 full Bathroom,Condo
https://www.trulia.com/property/3258469370-The-Oakman-Condominiums-160-1st-St-Jersey-City-NJ-07302,160 1st St,Jersey City,NJ,7302,1574.0,1999500.0,3 Bedrooms,3 full Bathrooms,Condo
https://www.trulia.com/property/3221062739-1-2nd-St-1910-Jersey-City-NJ-07302,1 2nd St #1910,Jersey City,NJ,7302,765.0,659000.0,1 Bedroom,1 full Bathroom,Condo
https://www.trulia.com/property/3206033355-452-Tonnele-Ave-Jersey-City-NJ-07307,452 Tonnele Ave,Jersey City,NJ,7307,1200.0,234000.0,2 Bedrooms,2 full Bathrooms,Single-Family Home
https://www.trulia.com/property/1094484762-45-River-Dr-S-3101-Jersey-City-NJ-07310,45 River Dr S #3101,Jersey City,NJ,7310,568.0,499500.0,1 full Bathroom,Condo,Dishwasher
https://www.trulia.com/property/3246754313-311-Washington-St-6B-Jersey-City-NJ-07302,311 Washington St #6B,Jersey City,NJ,7302,1371.0,815000.0,2 Bedrooms,2 full Bathrooms,Condo
https://www.trulia.com/property/3258894922-249-Grove-St-1-Jersey-City-NJ-07302,249 Grove St #1,Jersey City,NJ,7302,1500.0,1395000.0,2 Bedrooms,"2 full, 2 partial Bathrooms",Condo
https://www.trulia.com/property/3257636797-159-2nd-St-709-Jersey-City-NJ-07302,159 2nd St #709,Jersey City,NJ,7302,2228.0,1498000.0,3 Bedrooms,2 full Bathrooms,Condo
https://www.trulia.com/property/3259566111-83-Waverly-St-C-Jersey-City-NJ-07306,83 Waverly St #C,Jersey City,NJ,7306,1644.0,675000.0,3 Bedrooms,2 full Bathrooms,Condo
https://www.trulia.com/property/3034154985-689-Luis-Munoz-Marin-Blvd-710-Jersey-City-NJ-07310,689 Luis Munoz Marin Blvd #710,Jersey City,NJ,7310,1100.0,484900.0,2 Bedrooms,1 full Bathroom,Condo
https://www.trulia.com/property/3003026719-77-Hudson-St-1707-Jersey-City-NJ-07302,77 Hudson St #1707,Jersey City,NJ,7302,1555.0,1600000.0,2 Bedrooms,2 full Bathrooms,Condo
https://www.trulia.com/property/3082959929-6-Greenwich-Dr-609-Jersey-City-NJ-07305,6 Greenwich Dr #609,Jersey City,NJ,7305,1440.0,425000.0,2 Bedrooms,2 full Bathrooms,Condo
https://www.trulia.com/property/3147043484-142-Williams-Ave-Jersey-City-NJ-07304,142 Williams Ave,Jersey City,NJ,7304,2500.0,290000.0,5 Bedrooms,2 full Bathrooms,Single-Family Home
https://www.trulia.com/property/3258469427-The-Oakman-Condominiums-160-1st-St-811-Jersey-City-NJ-07302,160 1st St #811,Jersey City,NJ,7302,840.0,869500.0,1 Bedroom,1 full Bathroom,Condo
https://www.trulia.com/property/3257246305-20-2nd-St-204-Jersey-City-NJ-07302,20 2nd St #204,Jersey City,NJ,7302,724.0,662000.0,1 Bedroom,1 full Bathroom,Condo
https://www.trulia.com/property/3205637541-238-Lexington-Ave-2F-Jersey-City-NJ-07304,238 Lexington Ave #2F,Jersey City,NJ,7304,759.0,139000.0,2 Bedrooms,1 full Bathroom,Condo
https://www.trulia.com/property/3258876008-96-North-St-1S-Jersey-City-NJ-07307,96 North St #1S,Jersey City,NJ,7307,714.0,185000.0,1 Bedroom,1 full Bathroom,Condo
https://www.trulia.com/property/3110489873-2600-John-F-Kennedy-Blvd-2C-Jersey-City-NJ-07306,2600 John F Kennedy Blvd #2C,Jersey City,NJ,7306,988.0,249000.0,1 Bedroom,1 full Bathroom,Condo
https://www.trulia.com/property/3259345229-264-3rd-St-1L-Jersey-City-NJ-07302,264 3rd St #1L,Jersey City,NJ,7302,836.0,625000.0,1 Bedroom,"1 full, 1 partial Bathrooms",Condo
https://www.trulia.com/property/3234539849-429-Fairmount-Ave-103-Jersey-City-NJ-07306,429 Fairmount Ave #103,Jersey City,NJ,7306,510.0,140000.0,1 Bedroom,1 full Bathroom,Condo
https://www.trulia.com/property/3003280968-249-Washington-St-1-Jersey-City-NJ-07302,249 Washington St #1,Jersey City,NJ,7302,1350.0,799000.0,2 Bedrooms,1 full Bathroom,Condo
https://www.trulia.com/property/3259322123-93-Magnolia-Ave-3L-Jersey-City-NJ-07306,93 Magnolia Ave #3L,Jersey City,NJ,7306,888.0,435000.0,3 Bedrooms,1 full Bathroom,Condo
https://www.trulia.com/property/3257558830-358-7th-St-2-Jersey-City-NJ-07302,358 7th St #2,Jersey City,NJ,7302,1240.0,799000.0,2 Bedrooms,2 full Bathrooms,Condo
https://www.trulia.com/property/3256868036-232-Pavonia-Ave-615-Jersey-City-NJ-07302,232 Pavonia Ave #615,Jersey City,NJ,7302,1619.0,1579000.0,3 Bedrooms,2 full Bathrooms,Condo
https://www.trulia.com/property/3056382470-126-Bright-St-103-Jersey-City-NJ-07302,126 Bright St #103,Jersey City,NJ,7302,661.0,419999.0,1 Bedroom,1 full Bathroom,Single-Family Home
https://www.trulia.com/property/3254052302-1870-John-F-Kennedy-Blvd-2A-Jersey-City-NJ-07305,1870 John F Kennedy Blvd #2A,Jersey City,NJ,7305,701.0,129000.0,2 Bedrooms,1 full Bathroom,Condo
https://www.trulia.com/property/3016020163-2600-John-F-Kennedy-Blvd-1C-Jersey-City-NJ-07306,2600 John F Kennedy Blvd #1C,Jersey City,NJ,7306,820.0,185000.0,1 Bedroom,1 full Bathroom,Condo
https://www.trulia.com/property/3257351839-1171-Summit-Ave-3R-Jersey-City-NJ-07307,1171 Summit Ave #3R,Jersey City,NJ,7307,643.0,169900.0,2 Bedrooms,1 full Bathroom,Condo
https://www.trulia.com/property/3253558624-131-Kensington-Ave-C7-Jersey-City-NJ-07304,131 Kensington Ave #C7,Jersey City,NJ,7304,644.0,189000.0,1 Bedroom,1 full Bathroom,Condo
https://www.trulia.com/property/3244283974-65-Webster-Ave-1B-Jersey-City-NJ-07307,65 Webster Ave #1B,Jersey City,NJ,7307,764.0,299000.0,2 Bedrooms,1 full Bathroom,Single-Family Home
https://www.trulia.com/property/3258602450-1-Willow-St-Jersey-City-NJ-07305,1 Willow St,Jersey City,NJ,7305,1676.0,480000.0,2 Bedrooms,2 full Bathrooms,Townhouse
https://www.trulia.com/property/3252591846-300-Communipaw-Ave-41-Jersey-City-NJ-07304,300 Communipaw Ave #41,Jersey City,NJ,7304,1091.0,379000.0,1 Bedroom,1 full Bathroom,Condo
https://www.trulia.com/property/3243300903-100-Shearwater-Ct-E-56-Jersey-City-NJ-07305,100 Shearwater Ct E #56,Jersey City,NJ,7305,1550.0,579000.0,2 Bedrooms,2 full Bathrooms,Single-Family Home
https://www.trulia.com/property/3257985802-40-Milton-Ave-1-Jersey-City-NJ-07307,40 Milton Ave #1,Jersey City,NJ,7307,1900.0,685000.0,3 Bedrooms,2 full Bathrooms,Condo
https://www.trulia.com/property/1039703064-111-Shearwater-Ct-E-12-Jersey-City-NJ-07305,111 Shearwater Ct E #12,Jersey City,NJ,7305,1780.0,550000.0,3 Bedrooms,"2 full, 1 partial Bathrooms",Condo
https://www.trulia.com/property/3193365693-266-Clendenny-Ave-3-Jersey-City-NJ-07304,266 Clendenny Ave #3,Jersey City,NJ,7304,766.0,130000.0,2 Bedrooms,1 full Bathroom,Condo
https://www.trulia.com/property/3258234784-160-Saint-Pauls-Ave-Jersey-City-NJ-07306,160 Saint Pauls Ave,Jersey City,NJ,7306,2134.0,689000.0,7 Bedrooms,3 full Bathrooms,Multi-Family
https://www.trulia.com/property/3207422691-21-Zabriskie-St-Jersey-City-NJ-07307,21 Zabriskie St,Jersey City,NJ,7307,1064.0,364000.0,3 Bedrooms,2 full Bathrooms,Single-Family Home
https://www.trulia.com/property/3258360369-1-2nd-St-904-Jersey-City-NJ-07302,1 2nd St #904,Jersey City,NJ,7302,1158.0,985000.0,2 Bedrooms,2 full Bathrooms,Condo
https://www.trulia.com/property/3258263347-415-Ogden-Ave-1-Jersey-City-NJ-07307,415 Ogden Ave #1,Jersey City,NJ,7307,1440.0,819000.0,3 Bedrooms,"2 full, 1 partial Bathrooms",Condo
https://www.trulia.com/property/3255644128-15-Freedomway-Jersey-City-NJ-07305,15 Freedomway,Jersey City,NJ,7305,1230.0,369000.0,2 Bedrooms,2 full Bathrooms,Condo
https://www.trulia.com/property/3258319476-18-Bright-St-C-Jersey-City-NJ-07302,18 Bright St #C,Jersey City,NJ,7302,750.0,499000.0,1 Bedroom,1 full Bathroom,Condo
https://www.trulia.com/property/3103693436-2615-John-F-Kennedy-Blvd-B1-Jersey-City-NJ-07306,2615 John F Kennedy Blvd #B1,Jersey City,NJ,7306,646.0,209000.0,1 Bedroom,1 full Bathroom,Condo
https://www.trulia.com/property/3240938013-77-Hudson-St-2903-Jersey-City-NJ-07302,77 Hudson St #2903,Jersey City,NJ,7302,1510.0,1625000.0,3 Bedrooms,2 full Bathrooms,Condo
https://www.trulia.com/builder-community/The-Oakman-Condominiums-3258469102/new-home/One-Bedroom-w-Balcony-Plan/3259166852,One Bedroom w/ Balcony Plan,Jersey City,NJ,7302,691.0,719500.0,1 Bedroom,1 full Bathroom,Condo
https://www.trulia.com/property/3058676675-50-Reservoir-Ave-201-Jersey-City-NJ-07307,50 Reservoir Ave #201,Jersey City,NJ,7307,993.0,365000.0,2 Bedrooms,1 full Bathroom,Condo
https://www.trulia.com/property/3089888117-204-6th-St-1L-Jersey-City-NJ-07302,204 6th St #1L,Jersey City,NJ,7302,550.0,459000.0,1 Bedroom,1 full Bathroom,Condo
https://www.trulia.com/property/3039087089-66-Morris-St-401-Jersey-City-NJ-07302,66 Morris St #401,Jersey City,NJ,7302,1095.0,829900.0,2 Bedrooms,2 full Bathrooms,Condo
https://www.trulia.com/property/3207472905-608-Bramhall-Ave-1B-Jersey-City-NJ-07304,608 Bramhall Ave #1B,Jersey City,NJ,7304,853.0,169900.0,2 Bedrooms,1 full Bathroom,Single-Family Home
https://www.trulia.com/property/3256236895-647B-Palisade-Ave-Jersey-City-NJ-07307,647B Palisade Ave,Jersey City,NJ,7307,1900.0,799000.0,3 Bedrooms,2 full Bathrooms,Condo
https://www.trulia.com/property/3229240117-14-Halfmoon-Isle-TH14-Jersey-City-NJ-07305,14 Halfmoon Isle #TH14,Jersey City,NJ,7305,4210.0,1289000.0,4 Bedrooms,"4 full, 1 partial Bathrooms",Condo
https://www.trulia.com/property/3256237560-647A-Palisade-Ave-Jersey-City-NJ-07307,647A Palisade Ave,Jersey City,NJ,7307,2736.0,899000.0,3 Bedrooms,"2 full, 1 partial Bathrooms",Condo
https://www.trulia.com/property/3259481338-247-Cambridge-Ave-1-Jersey-City-NJ-07307,247 Cambridge Ave #1,Jersey City,NJ,7307,849.0,469000.0,2 Bedrooms,2 full Bathrooms,Condo
https://www.trulia.com/property/3259481885-247-Cambridge-Ave-2-Jersey-City-NJ-07307,247 Cambridge Ave #2,Jersey City,NJ,7307,812.0,459000.0,2 Bedrooms,2 full Bathrooms,Condo
https://www.trulia.com/property/3229850659-207-Shearwater-Ct-W-61-Jersey-City-NJ-07305,207 Shearwater Ct W #61,Jersey City,NJ,7305,1100.0,299900.0,2 Bedrooms,2 full Bathrooms,Condo
https://www.trulia.com/property/3230255563-429-Fairmount-Ave-210-Jersey-City-NJ-07306,429 Fairmount Ave #210,Jersey City,NJ,7306,501.0,175000.0,1 Bedroom,1 full Bathroom,Condo
https://www.trulia.com/property/3259566238-83-Waverly-St-F-Jersey-City-NJ-07306,83 Waverly St #F,Jersey City,NJ,7306,1325.0,599000.0,2 Bedrooms,2 full Bathrooms,Condo
https://www.trulia.com/property/3259483982-247-Cambridge-Ave-3-Jersey-City-NJ-07307,247 Cambridge Ave #3,Jersey City,NJ,7307,809.0,479000.0,2 Bedrooms,2 full Bathrooms,Condo
https://www.trulia.com/property/3246693732-79-Stuyvesant-Ave-1A-Jersey-City-NJ-07306,79 Stuyvesant Ave #1A,Jersey City,NJ,7306,600.0,225000.0,1 Bedroom,1 full Bathroom,Condo
https://www.trulia.com/property/3211072607-10-Regent-St-108-Jersey-City-NJ-07302,10 Regent St #108,Jersey City,NJ,7302,770.0,579000.0,1 Bedroom,1 full Bathroom,Condo
https://www.trulia.com/builder-community/The-Oakman-Condominiums-3258469102/new-home/One-Den-Plan/3259166854,One + Den Plan,Jersey City,NJ,7302,840.0,869500.0,2 Bedrooms,1 full Bathroom,Condo
https://www.trulia.com/builder-community/The-Oakman-Condominiums-3258469102/new-home/Two-Bedroom-Plan/3259166855,Two Bedroom Plan,Jersey City,NJ,7302,1125.0,1200000.0,2 Bedrooms,2 full Bathrooms,Condo
https://www.trulia.com/property/3254887297-1-2nd-St-903-Jersey-City-NJ-07302,1 2nd St #903,Jersey City,NJ,7302,918.0,785000.0,2 Bedrooms,2 full Bathrooms,Condo
https://www.trulia.com/property/1073889185-307-Old-Bergen-Rd-Jersey-City-NJ-07305,307 Old Bergen Rd,Jersey City,NJ,7305,3000.0,379900.0,5 Bedrooms,3 full Bathrooms,Multi-Family
https://www.trulia.com/property/3258469101-The-Oakman-Condominiums-160-1st-St-404-Jersey-City-NJ-07302,160 1st St #404,Jersey City,NJ,7302,1132.0,1200000.0,2 Bedrooms,2 full Bathrooms,Condo
https://www.trulia.com/property/3258811695-700-Grove-St-3W-Jersey-City-NJ-07310,700 Grove St #3W,Jersey City,NJ,7310,796.0,445500.0,1 Bedroom,1 full Bathroom,Condo
https://www.trulia.com/property/3256476620-36-Hancock-Ave-2-Jersey-City-NJ-07307,36 Hancock Ave #2,Jersey City,NJ,7307,1625.0,624999.0,3 Bedrooms,3 full Bathrooms,Condo
https://www.trulia.com/property/3233560927-109-Bowers-St-3-Jersey-City-NJ-07307,109 Bowers St #3,Jersey City,NJ,7307,630.0,224900.0,2 Bedrooms,1 full Bathroom,Condo
https://www.trulia.com/property/3086497903-1138-Summit-Ave-3-Jersey-City-NJ-07307,1138 Summit Ave #3,Jersey City,NJ,7307,751.0,230000.0,1 Bedroom,1 full Bathroom,Condo
https://www.trulia.com/property/3247008030-65-Webster-Ave-1A-Jersey-City-NJ-07307,65 Webster Ave #1A,Jersey City,NJ,7307,520.0,199000.0,1 Bedroom,1 full Bathroom,Single-Family Home
https://www.trulia.com/property/3221645573-110-Shearwater-Ct-E-54-Jersey-City-NJ-07305,110 Shearwater Ct E #54,Jersey City,NJ,7305,2760.0,979000.0,4 Bedrooms,4 full Bathrooms,Condo
https://www.trulia.com/property/3244381087-413-Ogden-Ave-1-Jersey-City-NJ-07307,413 Ogden Ave #1,Jersey City,NJ,7307,1129.0,675000.0,2 Bedrooms,"2 full, 1 partial Bathrooms",Condo
https://www.trulia.com/property/1074372487-149-Essex-St-3Q-Jersey-City-NJ-07302,149 Essex St #3Q,Jersey City,NJ,7302,968.0,859000.0,2 Bedrooms,2 full Bathrooms,Condo
https://www.trulia.com/property/1093152934-155-Hopkins-Ave-4-Jersey-City-NJ-07306,155 Hopkins Ave #4,Jersey City,NJ,7306,700.0,225000.0,1 Bedroom,1 full Bathroom,Condo
https://www.trulia.com/property/3240023178-270-Harrison-Ave-504-Jersey-City-NJ-07304,270 Harrison Ave #504,Jersey City,NJ,7304,1415.0,339000.0,3 Bedrooms,2 full Bathrooms,Single-Family Home
https://www.trulia.com/property/3253932572-160-1st-St-505-Jersey-City-NJ-07302,160 1st St #505,Jersey City,NJ,7302,1118.0,1079000.0,2 Bedrooms,2 full Bathrooms,Single-Family Home
https://www.trulia.com/property/3243248682-149-Essex-St-6M-Jersey-City-NJ-07302,149 Essex St #6M,Jersey City,NJ,7302,1486.0,985000.0,2 Bedrooms,2 full Bathrooms,Condo
https://www.trulia.com/property/3256754848-277-Harrison-Ave-8A-Jersey-City-NJ-07304,277 Harrison Ave #8A,Jersey City,NJ,7304,387.0,114000.0,1 Bedroom,1 full Bathroom,Condo
https://www.trulia.com/property/3259421747-367-3rd-St-402-Jersey-City-NJ-07302,367 3rd St #402,Jersey City,NJ,7302,1072.0,919900.0,2 Bedrooms,"1 full, 1 partial Bathrooms",Condo
https://www.trulia.com/property/3230915306--Suburbia-Ter-Jersey-City-NJ-07305,Suburbia Ter,Jersey City,NJ,7305,600.0,125000.0,1 Bedroom,1 full Bathroom,Condo
https://www.trulia.com/property/3239402383--Atlas-Ct-Jersey-City-NJ-07305,Atlas Ct,Jersey City,NJ,7305,1866.0,544500.0,4 Bedrooms,"2 full, 2 partial Bathrooms",Townhouse
https://www.trulia.com/property/3113799440-208-Shearwater-Ct-W-12-Jersey-City-NJ-07305,208 Shearwater Ct W #12,Jersey City,NJ,7305,2180.0,549900.0,3 Bedrooms,"2 full, 1 partial Bathrooms",Condo
https://www.trulia.com/property/3259381217-2-2nd-St-1204-Jersey-City-NJ-07302,2 2nd St #1204,Jersey City,NJ,7302,1050.0,1150000.0,1 Bedroom,"1 full, 1 partial Bathrooms",Condo
https://www.trulia.com/property/3258469970-77-Hudson-St-1208-Jersey-City-NJ-07302,77 Hudson St #1208,Jersey City,NJ,7302,872.0,825000.0,1 Bedroom,1 full Bathroom,Condo
https://www.trulia.com/property/3259285431-129-Prospect-St-3-Jersey-City-NJ-07307,129 Prospect St #3,Jersey City,NJ,7307,975.0,575000.0,3 Bedrooms,1 full Bathroom,Condo
https://www.trulia.com/property/1038918282-32-Broadman-Pkwy-Jersey-City-NJ-07305,32 Broadman Pkwy,Jersey City,NJ,7305,2400.0,439900.0,6 Bedrooms,2 full Bathrooms,Multi-Family
https://www.trulia.com/property/3258862162-143-Morgan-St-Jersey-City-NJ-07302,143 Morgan St,Jersey City,NJ,7302,1525.0,1199000.0,2 Bedrooms,2 full Bathrooms,Condo
https://www.trulia.com/property/3255078364-35-Cypress-St-Jersey-City-NJ-07305,35 Cypress St,Jersey City,NJ,7305,1398.0,372000.0,2 Bedrooms,"1 full, 1 partial Bathrooms",Condo
https://www.trulia.com/property/3246899325-77-Hudson-St-36045-Jersey-City-NJ-07302,77 Hudson St #36045,Jersey City,NJ,7302,1880.0,2399000.0,3 Bedrooms,"2 full, 1 partial Bathrooms",Condo
https://www.trulia.com/property/3256732813-36-Hancock-Ave-1-Jersey-City-NJ-07307,36 Hancock Ave #1,Jersey City,NJ,7307,1750.0,684999.0,3 Bedrooms,3 full Bathrooms,Condo
https://www.trulia.com/property/3259318212-129-Prospect-St-1-Jersey-City-NJ-07307,129 Prospect St #1,Jersey City,NJ,7307,1050.0,589000.0,3 Bedrooms,1 full Bathroom,Condo
https://www.trulia.com/property/3254914539-5-Fir-St-Jersey-City-NJ-07305,5 Fir St,Jersey City,NJ,7305,1988.0,499999.0,3 Bedrooms,"2 full, 1 partial Bathrooms",Townhouse
https://www.trulia.com/property/3257201660-41-Broadway-103-Jersey-City-NJ-07306,41 Broadway #103,Jersey City,NJ,7306,1035.0,480000.0,2 Bedrooms,2 full Bathrooms,Condo
https://www.trulia.com/property/3256019179-201-Marin-Blvd-2-705-Jersey-City-NJ-07302,201 Marin Blvd #2-705,Jersey City,NJ,7302,542.0,465000.0,1 full Bathroom,Condo,Skylight
https://www.trulia.com/property/3255665853-158-Chestnut-Ave-Jersey-City-NJ-07306,158 Chestnut Ave,Jersey City,NJ,7306,925.0,425000.0,2 Bedrooms,1 full Bathroom,Condo
https://www.trulia.com/property/3255666550-158-Chestnut-Ave-2R-Jersey-City-NJ-07306,158 Chestnut Ave #2R,Jersey City,NJ,7306,875.0,349000.0,2 Bedrooms,1 full Bathroom,Condo
https://www.trulia.com/property/3258835613-700-Grove-St-3W-Jersey-City-NJ-07310,700 Grove St #3W,Jersey City,NJ,7310,796.0,445000.0,1 Bedroom,1 full Bathroom,Condo
https://www.trulia.com/property/3223933665-203-Shearwater-Ct-W-51-Jersey-City-NJ-07305,203 Shearwater Ct W #51,Jersey City,NJ,7305,2468.0,869000.0,3 Bedrooms,"2 full, 1 partial Bathrooms",Condo
https://www.trulia.com/property/3256649538-201-Marin-Blvd-2-204-Jersey-City-NJ-07302,201 Marin Blvd #2-204,Jersey City,NJ,7302,1201.0,998000.0,2 Bedrooms,2 full Bathrooms,Condo
https://www.trulia.com/property/3244336784-65-Webster-Ave-2-Jersey-City-NJ-07307,65 Webster Ave #2,Jersey City,NJ,7307,1352.0,439000.0,3 Bedrooms,2 full Bathrooms,Single-Family Home
https://www.trulia.com/property/3256863557-201-Marin-Blvd-2-406-Jersey-City-NJ-07302,201 Marin Blvd #2-406,Jersey City,NJ,7302,1805.0,1652000.0,3 Bedrooms,2 full Bathrooms,Condo
https://www.trulia.com/property/3255217920-201-Marin-Blvd-2-510-Jersey-City-NJ-07302,201 Marin Blvd #2-510,Jersey City,NJ,7302,678.0,618000.0,1 Bedroom,1 full Bathroom,Condo
https://www.trulia.com/property/3256647463-201-Marin-Blvd-2-401-Jersey-City-NJ-07302,201 Marin Blvd #2-401,Jersey City,NJ,7302,852.0,788000.0,1 Bedroom,1 full Bathroom,Condo
https://www.trulia.com/property/3231764879-33-Griffith-St-1-Jersey-City-NJ-07307,33 Griffith St #1,Jersey City,NJ,7307,1500.0,875000.0,3 Bedrooms,3 full Bathrooms,Condo
https://www.trulia.com/property/3258102843-201-Marin-Blvd-2-504-Jersey-City-NJ-07302,201 Marin Blvd #2-504,Jersey City,NJ,7302,1172.0,1041000.0,2 Bedrooms,2 full Bathrooms,Condo
https://www.trulia.com/property/3256649220-201-Marin-Blvd-2-602-Jersey-City-NJ-07302,201 Marin Blvd #2-602,Jersey City,NJ,7302,1370.0,1168000.0,2 Bedrooms,2 full Bathrooms,Condo
https://www.trulia.com/property/3259318235-129-Prospect-St-2-Jersey-City-NJ-07307,129 Prospect St #2,Jersey City,NJ,7307,1050.0,599000.0,3 Bedrooms,1 full Bathroom,Condo
https://www.trulia.com/property/3240325438-201-Marin-Blvd-S104-Jersey-City-NJ-07302,201 Marin Blvd #S104,Jersey City,NJ,7302,1680.0,1408000.0,2 Bedrooms,3 full Bathrooms,Condo
https://www.trulia.com/property/3256863353-201-Marin-Blvd-2-S104-Jersey-City-NJ-07302,201 Marin Blvd #2-S104,Jersey City,NJ,7302,1680.0,1408000.0,2 Bedrooms,3 full Bathrooms,Condo
https://www.trulia.com/property/3258180932-413-Ogden-Ave-Jersey-City-NJ-07307,413 Ogden Ave,Jersey City,NJ,7307,1129.0,675000.0,2 Bedrooms,"2 full, 1 partial Bathrooms",Condo
https://www.trulia.com/builder-community/The-Oakman-Condominiums-3258469102/new-home/Penthouse-5-Plan/3259166851,Penthouse 5 Plan,Jersey City,NJ,7302,1574.0,1999500.0,3 Bedrooms,3 full Bathrooms,Condo
https://www.trulia.com/property/3268714291-135-Montgomery-St-6D-Jersey-City-NJ-07302,135 Montgomery St #6D,Jersey City,NJ,7302,670.0,425000.0,1 Bedroom,1 full Bathroom,Condo
https://www.trulia.com/property/1051644503-28-Lembeck-Ave-Jersey-City-NJ-07305,28 Lembeck Ave,Jersey City,NJ,7305,1740.0,262500.0,3 Bedrooms,2 full Bathrooms,Single-Family Home
https://www.trulia.com/property/3108389295-77-Hudson-St-3708-Jersey-City-NJ-07302,77 Hudson St #3708,Jersey City,NJ,7302,930.0,999999.0,1 Bedroom,1 full Bathroom,Condo
https://www.trulia.com/property/3221973653-260-Harrison-Ave-501-Jersey-City-NJ-07304,260 Harrison Ave #501,Jersey City,NJ,7304,617.0,185000.0,1 Bedroom,1 full Bathroom,Condo
https://www.trulia.com/property/3247276387-44-Prospect-St-1-D-Jersey-City-NJ-07307,44 Prospect St #1-D,Jersey City,NJ,7307,1457.0,449000.0,3 Bedrooms,2 full Bathrooms,Condo
https://www.trulia.com/property/3259345229-264-3rd-St-1L-Jersey-City-NJ-07302,264 3rd St #1L,Jersey City,NJ,7302,836.0,625000.0,1 Bedroom,"1 full, 1 partial Bathrooms",Condo
https://www.trulia.com/property/3059762627-2-2nd-St-3305-Jersey-City-NJ-07302,2 2nd St #3305,Jersey City,NJ,7302,1371.0,2050000.0,2 Bedrooms,"2 full, 1 partial Bathrooms",Condo
https://www.trulia.com/property/3259285431-129-Prospect-St-3-Jersey-City-NJ-07307,129 Prospect St #3,Jersey City,NJ,7307,975.0,575000.0,3 Bedrooms,1 full Bathroom,Condo
https://www.trulia.com/property/3058676675-50-Reservoir-Ave-201-Jersey-City-NJ-07307,50 Reservoir Ave #201,Jersey City,NJ,7307,993.0,365000.0,2 Bedrooms,1 full Bathroom,Condo
https://www.trulia.com/property/3258097463-96-A-Suburbia-Dr-Jersey-City-NJ-07305,96 A Suburbia Dr,Jersey City,NJ,7305,825.0,177851.0,2 Bedrooms,"1 full, 1 partial Bathrooms",Condo
https://www.trulia.com/property/1078203552-349-New-York-Ave-5-Jersey-City-NJ-07307,349 New York Ave #5,Jersey City,NJ,7307,1780.0,585000.0,3 Bedrooms,2 full Bathrooms,Condo
https://www.trulia.com/property/3150179222-159-2nd-St-705-Jersey-City-NJ-07302,159 2nd St #705,Jersey City,NJ,7302,1411.0,899000.0,2 Bedrooms,2 full Bathrooms,Condo
https://www.trulia.com/property/3262171027-149-Grant-Ave-3C-Jersey-City-NJ-07305,149 Grant Ave #3C,Jersey City,NJ,7305,851.0,125000.0,2 Bedrooms,1 full Bathroom,Condo
https://www.trulia.com/property/3262537419-476-Monmouth-St-402-Jersey-City-NJ-07302,476 Monmouth St #402,Jersey City,NJ,7302,810.0,699000.0,2 Bedrooms,1 full Bathroom,Condo
https://www.trulia.com/property/3039241775-45-River-Dr-S-1509-Jersey-City-NJ-07310,45 River Dr S #1509,Jersey City,NJ,7310,1377.0,879000.0,3 Bedrooms,2 full Bathrooms,Condo
https://www.trulia.com/property/3263061986-72-Jefferson-Ave-2F-Jersey-City-NJ-07306,72 Jefferson Ave #2F,Jersey City,NJ,7306,600.0,220000.0,2 Bedrooms,1 full Bathroom,Condo
https://www.trulia.com/property/3247276387-44-Prospect-St-1-D-Jersey-City-NJ-07307,44 Prospect St #1-D,Jersey City,NJ,7307,1457.0,449000.0,3 Bedrooms,2 full Bathrooms,Condo
https://www.trulia.com/property/3259345229-264-3rd-St-1L-Jersey-City-NJ-07302,264 3rd St #1L,Jersey City,NJ,7302,836.0,625000.0,1 Bedroom,"1 full, 1 partial Bathrooms",Condo
https://www.trulia.com/property/3059762627-2-2nd-St-3305-Jersey-City-NJ-07302,2 2nd St #3305,Jersey City,NJ,7302,1371.0,2050000.0,2 Bedrooms,"2 full, 1 partial Bathrooms",Condo
https://www.trulia.com/property/3259285431-129-Prospect-St-3-Jersey-City-NJ-07307,129 Prospect St #3,Jersey City,NJ,7307,975.0,575000.0,3 Bedrooms,1 full Bathroom,Condo
https://www.trulia.com/property/3058676675-50-Reservoir-Ave-201-Jersey-City-NJ-07307,50 Reservoir Ave #201,Jersey City,NJ,7307,993.0,365000.0,2 Bedrooms,1 full Bathroom,Condo
https://www.trulia.com/property/3258097463-96-A-Suburbia-Dr-Jersey-City-NJ-07305,96 A Suburbia Dr,Jersey City,NJ,7305,825.0,177851.0,2 Bedrooms,"1 full, 1 partial Bathrooms",Condo
https://www.trulia.com/property/1078203552-349-New-York-Ave-5-Jersey-City-NJ-07307,349 New York Ave #5,Jersey City,NJ,7307,1780.0,585000.0,3 Bedrooms,2 full Bathrooms,Condo
https://www.trulia.com/property/3150179222-159-2nd-St-705-Jersey-City-NJ-07302,159 2nd St #705,Jersey City,NJ,7302,1411.0,899000.0,2 Bedrooms,2 full Bathrooms,Condo
https://www.trulia.com/property/3262171027-149-Grant-Ave-3C-Jersey-City-NJ-07305,149 Grant Ave #3C,Jersey City,NJ,7305,851.0,125000.0,2 Bedrooms,1 full Bathroom,Condo
https://www.trulia.com/property/3262537419-476-Monmouth-St-402-Jersey-City-NJ-07302,476 Monmouth St #402,Jersey City,NJ,7302,810.0,699000.0,2 Bedrooms,1 full Bathroom,Condo
https://www.trulia.com/property/3039241775-45-River-Dr-S-1509-Jersey-City-NJ-07310,45 River Dr S #1509,Jersey City,NJ,7310,1377.0,879000.0,3 Bedrooms,2 full Bathrooms,Condo
https://www.trulia.com/property/3263061986-72-Jefferson-Ave-2F-Jersey-City-NJ-07306,72 Jefferson Ave #2F,Jersey City,NJ,7306,600.0,220000.0,2 Bedrooms,1 full Bathroom,Condo
https://www.trulia.com/property/3247276387-44-Prospect-St-1-D-Jersey-City-NJ-07307,44 Prospect St #1-D,Jersey City,NJ,7307,1457.0,449000.0,3 Bedrooms,2 full Bathrooms,Condo
https://www.trulia.com/property/3259345229-264-3rd-St-1L-Jersey-City-NJ-07302,264 3rd St #1L,Jersey City,NJ,7302,836.0,625000.0,1 Bedroom,"1 full, 1 partial Bathrooms",Condo
https://www.trulia.com/property/3059762627-2-2nd-St-3305-Jersey-City-NJ-07302,2 2nd St #3305,Jersey City,NJ,7302,1371.0,2050000.0,2 Bedrooms,"2 full, 1 partial Bathrooms",Condo
https://www.trulia.com/property/3259285431-129-Prospect-St-3-Jersey-City-NJ-07307,129 Prospect St #3,Jersey City,NJ,7307,975.0,575000.0,3 Bedrooms,1 full Bathroom,Condo
https://www.trulia.com/property/3058676675-50-Reservoir-Ave-201-Jersey-City-NJ-07307,50 Reservoir Ave #201,Jersey City,NJ,7307,993.0,365000.0,2 Bedrooms,1 full Bathroom,Condo
https://www.trulia.com/property/3258097463-96-A-Suburbia-Dr-Jersey-City-NJ-07305,96 A Suburbia Dr,Jersey City,NJ,7305,825.0,177851.0,2 Bedrooms,"1 full, 1 partial Bathrooms",Condo
https://www.trulia.com/property/1078203552-349-New-York-Ave-5-Jersey-City-NJ-07307,349 New York Ave #5,Jersey City,NJ,7307,1780.0,585000.0,3 Bedrooms,2 full Bathrooms,Condo
https://www.trulia.com/property/3150179222-159-2nd-St-705-Jersey-City-NJ-07302,159 2nd St #705,Jersey City,NJ,7302,1411.0,899000.0,2 Bedrooms,2 full Bathrooms,Condo
https://www.trulia.com/property/3262171027-149-Grant-Ave-3C-Jersey-City-NJ-07305,149 Grant Ave #3C,Jersey City,NJ,7305,851.0,125000.0,2 Bedrooms,1 full Bathroom,Condo
https://www.trulia.com/property/3262537419-476-Monmouth-St-402-Jersey-City-NJ-07302,476 Monmouth St #402,Jersey City,NJ,7302,810.0,699000.0,2 Bedrooms,1 full Bathroom,Condo
https://www.trulia.com/property/3039241775-45-River-Dr-S-1509-Jersey-City-NJ-07310,45 River Dr S #1509,Jersey City,NJ,7310,1377.0,879000.0,3 Bedrooms,2 full Bathrooms,Condo
https://www.trulia.com/property/3263061986-72-Jefferson-Ave-2F-Jersey-City-NJ-07306,72 Jefferson Ave #2F,Jersey City,NJ,7306,600.0,220000.0,2 Bedrooms,1 full Bathroom,Condo
https://www.trulia.com/property/3247276387-44-Prospect-St-1-D-Jersey-City-NJ-07307,44 Prospect St #1-D,Jersey City,NJ,7307,1457.0,449000.0,3 Bedrooms,2 full Bathrooms,Condo
https://www.trulia.com/property/3259345229-264-3rd-St-1L-Jersey-City-NJ-07302,264 3rd St #1L,Jersey City,NJ,7302,836.0,625000.0,1 Bedroom,"1 full, 1 partial Bathrooms",Condo
https://www.trulia.com/property/3059762627-2-2nd-St-3305-Jersey-City-NJ-07302,2 2nd St #3305,Jersey City,NJ,7302,1371.0,2050000.0,2 Bedrooms,"2 full, 1 partial Bathrooms",Condo
https://www.trulia.com/property/3259285431-129-Prospect-St-3-Jersey-City-NJ-07307,129 Prospect St #3,Jersey City,NJ,7307,975.0,575000.0,3 Bedrooms,1 full Bathroom,Condo
https://www.trulia.com/property/3058676675-50-Reservoir-Ave-201-Jersey-City-NJ-07307,50 Reservoir Ave #201,Jersey City,NJ,7307,993.0,365000.0,2 Bedrooms,1 full Bathroom,Condo
https://www.trulia.com/property/3258097463-96-A-Suburbia-Dr-Jersey-City-NJ-07305,96 A Suburbia Dr,Jersey City,NJ,7305,825.0,177851.0,2 Bedrooms,"1 full, 1 partial Bathrooms",Condo
https://www.trulia.com/property/1078203552-349-New-York-Ave-5-Jersey-City-NJ-07307,349 New York Ave #5,Jersey City,NJ,7307,1780.0,585000.0,3 Bedrooms,2 full Bathrooms,Condo
https://www.trulia.com/property/3150179222-159-2nd-St-705-Jersey-City-NJ-07302,159 2nd St #705,Jersey City,NJ,7302,1411.0,899000.0,2 Bedrooms,2 full Bathrooms,Condo
https://www.trulia.com/property/3262171027-149-Grant-Ave-3C-Jersey-City-NJ-07305,149 Grant Ave #3C,Jersey City,NJ,7305,851.0,125000.0,2 Bedrooms,1 full Bathroom,Condo
https://www.trulia.com/property/3262537419-476-Monmouth-St-402-Jersey-City-NJ-07302,476 Monmouth St #402,Jersey City,NJ,7302,810.0,699000.0,2 Bedrooms,1 full Bathroom,Condo
https://www.trulia.com/property/3039241775-45-River-Dr-S-1509-Jersey-City-NJ-07310,45 River Dr S #1509,Jersey City,NJ,7310,1377.0,879000.0,3 Bedrooms,2 full Bathrooms,Condo
https://www.trulia.com/property/3263061986-72-Jefferson-Ave-2F-Jersey-City-NJ-07306,72 Jefferson Ave #2F,Jersey City,NJ,7306,600.0,220000.0,2 Bedrooms,1 full Bathroom,Condo
https://www.trulia.com/property/3247276387-44-Prospect-St-1-D-Jersey-City-NJ-07307,44 Prospect St #1-D,Jersey City,NJ,7307,1457.0,449000.0,3 Bedrooms,2 full Bathrooms,Condo
https://www.trulia.com/property/3259345229-264-3rd-St-1L-Jersey-City-NJ-07302,264 3rd St #1L,Jersey City,NJ,7302,836.0,625000.0,1 Bedroom,"1 full, 1 partial Bathrooms",Condo
https://www.trulia.com/property/3059762627-2-2nd-St-3305-Jersey-City-NJ-07302,2 2nd St #3305,Jersey City,NJ,7302,1371.0,2050000.0,2 Bedrooms,"2 full, 1 partial Bathrooms",Condo
https://www.trulia.com/property/3259285431-129-Prospect-St-3-Jersey-City-NJ-07307,129 Prospect St #3,Jersey City,NJ,7307,975.0,575000.0,3 Bedrooms,1 full Bathroom,Condo
https://www.trulia.com/property/3058676675-50-Reservoir-Ave-201-Jersey-City-NJ-07307,50 Reservoir Ave #201,Jersey City,NJ,7307,993.0,365000.0,2 Bedrooms,1 full Bathroom,Condo
https://www.trulia.com/property/3258097463-96-A-Suburbia-Dr-Jersey-City-NJ-07305,96 A Suburbia Dr,Jersey City,NJ,7305,825.0,177851.0,2 Bedrooms,"1 full, 1 partial Bathrooms",Condo
https://www.trulia.com/property/1078203552-349-New-York-Ave-5-Jersey-City-NJ-07307,349 New York Ave #5,Jersey City,NJ,7307,1780.0,585000.0,3 Bedrooms,2 full Bathrooms,Condo
https://www.trulia.com/property/3150179222-159-2nd-St-705-Jersey-City-NJ-07302,159 2nd St #705,Jersey City,NJ,7302,1411.0,899000.0,2 Bedrooms,2 full Bathrooms,Condo
https://www.trulia.com/property/3262171027-149-Grant-Ave-3C-Jersey-City-NJ-07305,149 Grant Ave #3C,Jersey City,NJ,7305,851.0,125000.0,2 Bedrooms,1 full Bathroom,Condo
https://www.trulia.com/property/3262537419-476-Monmouth-St-402-Jersey-City-NJ-07302,476 Monmouth St #402,Jersey City,NJ,7302,810.0,699000.0,2 Bedrooms,1 full Bathroom,Condo
https://www.trulia.com/property/3039241775-45-River-Dr-S-1509-Jersey-City-NJ-07310,45 River Dr S #1509,Jersey City,NJ,7310,1377.0,879000.0,3 Bedrooms,2 full Bathrooms,Condo
https://www.trulia.com/property/3263061986-72-Jefferson-Ave-2F-Jersey-City-NJ-07306,72 Jefferson Ave #2F,Jersey City,NJ,7306,600.0,220000.0,2 Bedrooms,1 full Bathroom,Condo
https://www.trulia.com/property/3247276387-44-Prospect-St-1-D-Jersey-City-NJ-07307,44 Prospect St #1-D,Jersey City,NJ,7307,1457.0,449000.0,3 Bedrooms,2 full Bathrooms,Condo
https://www.trulia.com/property/3259345229-264-3rd-St-1L-Jersey-City-NJ-07302,264 3rd St #1L,Jersey City,NJ,7302,836.0,625000.0,1 Bedroom,"1 full, 1 partial Bathrooms",Condo
https://www.trulia.com/property/3059762627-2-2nd-St-3305-Jersey-City-NJ-07302,2 2nd St #3305,Jersey City,NJ,7302,1371.0,2050000.0,2 Bedrooms,"2 full, 1 partial Bathrooms",Condo
https://www.trulia.com/property/3259285431-129-Prospect-St-3-Jersey-City-NJ-07307,129 Prospect St #3,Jersey City,NJ,7307,975.0,575000.0,3 Bedrooms,1 full Bathroom,Condo
https://www.trulia.com/property/3058676675-50-Reservoir-Ave-201-Jersey-City-NJ-07307,50 Reservoir Ave #201,Jersey City,NJ,7307,993.0,365000.0,2 Bedrooms,1 full Bathroom,Condo
https://www.trulia.com/property/3258097463-96-A-Suburbia-Dr-Jersey-City-NJ-07305,96 A Suburbia Dr,Jersey City,NJ,7305,825.0,177851.0,2 Bedrooms,"1 full, 1 partial Bathrooms",Condo
https://www.trulia.com/property/1078203552-349-New-York-Ave-5-Jersey-City-NJ-07307,349 New York Ave #5,Jersey City,NJ,7307,1780.0,585000.0,3 Bedrooms,2 full Bathrooms,Condo
https://www.trulia.com/property/3150179222-159-2nd-St-705-Jersey-City-NJ-07302,159 2nd St #705,Jersey City,NJ,7302,1411.0,899000.0,2 Bedrooms,2 full Bathrooms,Condo
https://www.trulia.com/property/3262171027-149-Grant-Ave-3C-Jersey-City-NJ-07305,149 Grant Ave #3C,Jersey City,NJ,7305,851.0,125000.0,2 Bedrooms,1 full Bathroom,Condo
https://www.trulia.com/property/3262537419-476-Monmouth-St-402-Jersey-City-NJ-07302,476 Monmouth St #402,Jersey City,NJ,7302,810.0,699000.0,2 Bedrooms,1 full Bathroom,Condo
https://www.trulia.com/property/3039241775-45-River-Dr-S-1509-Jersey-City-NJ-07310,45 River Dr S #1509,Jersey City,NJ,7310,1377.0,879000.0,3 Bedrooms,2 full Bathrooms,Condo
https://www.trulia.com/property/3263061986-72-Jefferson-Ave-2F-Jersey-City-NJ-07306,72 Jefferson Ave #2F,Jersey City,NJ,7306,600.0,220000.0,2 Bedrooms,1 full Bathroom,Condo
https://www.trulia.com/property/3247276387-44-Prospect-St-1-D-Jersey-City-NJ-07307,44 Prospect St #1-D,Jersey City,NJ,7307,1457.0,449000.0,3 Bedrooms,2 full Bathrooms,Condo
https://www.trulia.com/property/3259345229-264-3rd-St-1L-Jersey-City-NJ-07302,264 3rd St #1L,Jersey City,NJ,7302,836.0,625000.0,1 Bedroom,"1 full, 1 partial Bathrooms",Condo
https://www.trulia.com/property/3059762627-2-2nd-St-3305-Jersey-City-NJ-07302,2 2nd St #3305,Jersey City,NJ,7302,1371.0,2050000.0,2 Bedrooms,"2 full, 1 partial Bathrooms",Condo
https://www.trulia.com/property/3259285431-129-Prospect-St-3-Jersey-City-NJ-07307,129 Prospect St #3,Jersey City,NJ,7307,975.0,575000.0,3 Bedrooms,1 full Bathroom,Condo
https://www.trulia.com/property/3058676675-50-Reservoir-Ave-201-Jersey-City-NJ-07307,50 Reservoir Ave #201,Jersey City,NJ,7307,993.0,365000.0,2 Bedrooms,1 full Bathroom,Condo
https://www.trulia.com/property/3258097463-96-A-Suburbia-Dr-Jersey-City-NJ-07305,96 A Suburbia Dr,Jersey City,NJ,7305,825.0,177851.0,2 Bedrooms,"1 full, 1 partial Bathrooms",Condo
https://www.trulia.com/property/1078203552-349-New-York-Ave-5-Jersey-City-NJ-07307,349 New York Ave #5,Jersey City,NJ,7307,1780.0,585000.0,3 Bedrooms,2 full Bathrooms,Condo
https://www.trulia.com/property/3150179222-159-2nd-St-705-Jersey-City-NJ-07302,159 2nd St #705,Jersey City,NJ,7302,1411.0,899000.0,2 Bedrooms,2 full Bathrooms,Condo
https://www.trulia.com/property/3262171027-149-Grant-Ave-3C-Jersey-City-NJ-07305,149 Grant Ave #3C,Jersey City,NJ,7305,851.0,125000.0,2 Bedrooms,1 full Bathroom,Condo
https://www.trulia.com/property/3262537419-476-Monmouth-St-402-Jersey-City-NJ-07302,476 Monmouth St #402,Jersey City,NJ,7302,810.0,699000.0,2 Bedrooms,1 full Bathroom,Condo
https://www.trulia.com/property/3039241775-45-River-Dr-S-1509-Jersey-City-NJ-07310,45 River Dr S #1509,Jersey City,NJ,7310,1377.0,879000.0,3 Bedrooms,2 full Bathrooms,Condo
https://www.trulia.com/property/3263061986-72-Jefferson-Ave-2F-Jersey-City-NJ-07306,72 Jefferson Ave #2F,Jersey City,NJ,7306,600.0,220000.0,2 Bedrooms,1 full Bathroom,Condo
https://www.trulia.com/property/3247276387-44-Prospect-St-1-D-Jersey-City-NJ-07307,44 Prospect St #1-D,Jersey City,NJ,7307,1457.0,449000.0,3 Bedrooms,2 full Bathrooms,Condo
https://www.trulia.com/property/3259345229-264-3rd-St-1L-Jersey-City-NJ-07302,264 3rd St #1L,Jersey City,NJ,7302,836.0,625000.0,1 Bedroom,"1 full, 1 partial Bathrooms",Condo
https://www.trulia.com/property/3059762627-2-2nd-St-3305-Jersey-City-NJ-07302,2 2nd St #3305,Jersey City,NJ,7302,1371.0,2050000.0,2 Bedrooms,"2 full, 1 partial Bathrooms",Condo
https://www.trulia.com/property/3259285431-129-Prospect-St-3-Jersey-City-NJ-07307,129 Prospect St #3,Jersey City,NJ,7307,975.0,575000.0,3 Bedrooms,1 full Bathroom,Condo
https://www.trulia.com/property/3058676675-50-Reservoir-Ave-201-Jersey-City-NJ-07307,50 Reservoir Ave #201,Jersey City,NJ,7307,993.0,365000.0,2 Bedrooms,1 full Bathroom,Condo
https://www.trulia.com/property/3258097463-96-A-Suburbia-Dr-Jersey-City-NJ-07305,96 A Suburbia Dr,Jersey City,NJ,7305,825.0,177851.0,2 Bedrooms,"1 full, 1 partial Bathrooms",Condo
https://www.trulia.com/property/1078203552-349-New-York-Ave-5-Jersey-City-NJ-07307,349 New York Ave #5,Jersey City,NJ,7307,1780.0,585000.0,3 Bedrooms,2 full Bathrooms,Condo
https://www.trulia.com/property/3150179222-159-2nd-St-705-Jersey-City-NJ-07302,159 2nd St #705,Jersey City,NJ,7302,1411.0,899000.0,2 Bedrooms,2 full Bathrooms,Condo
https://www.trulia.com/property/3262171027-149-Grant-Ave-3C-Jersey-City-NJ-07305,149 Grant Ave #3C,Jersey City,NJ,7305,851.0,125000.0,2 Bedrooms,1 full Bathroom,Condo
https://www.trulia.com/property/3262537419-476-Monmouth-St-402-Jersey-City-NJ-07302,476 Monmouth St #402,Jersey City,NJ,7302,810.0,699000.0,2 Bedrooms,1 full Bathroom,Condo
https://www.trulia.com/property/3039241775-45-River-Dr-S-1509-Jersey-City-NJ-07310,45 River Dr S #1509,Jersey City,NJ,7310,1377.0,879000.0,3 Bedrooms,2 full Bathrooms,Condo
https://www.trulia.com/property/3263061986-72-Jefferson-Ave-2F-Jersey-City-NJ-07306,72 Jefferson Ave #2F,Jersey City,NJ,7306,600.0,220000.0,2 Bedrooms,1 full Bathroom,Condo
https://www.trulia.com/property/3247276387-44-Prospect-St-1-D-Jersey-City-NJ-07307,44 Prospect St #1-D,Jersey City,NJ,7307,1457.0,449000.0,3 Bedrooms,2 full Bathrooms,Condo
https://www.trulia.com/property/3259345229-264-3rd-St-1L-Jersey-City-NJ-07302,264 3rd St #1L,Jersey City,NJ,7302,836.0,625000.0,1 Bedroom,"1 full, 1 partial Bathrooms",Condo
https://www.trulia.com/property/3059762627-2-2nd-St-3305-Jersey-City-NJ-07302,2 2nd St #3305,Jersey City,NJ,7302,1371.0,2050000.0,2 Bedrooms,"2 full, 1 partial Bathrooms",Condo
https://www.trulia.com/property/3259285431-129-Prospect-St-3-Jersey-City-NJ-07307,129 Prospect St #3,Jersey City,NJ,7307,975.0,575000.0,3 Bedrooms,1 full Bathroom,Condo
https://www.trulia.com/property/3058676675-50-Reservoir-Ave-201-Jersey-City-NJ-07307,50 Reservoir Ave #201,Jersey City,NJ,7307,993.0,365000.0,2 Bedrooms,1 full Bathroom,Condo
https://www.trulia.com/property/3258097463-96-A-Suburbia-Dr-Jersey-City-NJ-07305,96 A Suburbia Dr,Jersey City,NJ,7305,825.0,177851.0,2 Bedrooms,"1 full, 1 partial Bathrooms",Condo
https://www.trulia.com/property/1078203552-349-New-York-Ave-5-Jersey-City-NJ-07307,349 New York Ave #5,Jersey City,NJ,7307,1780.0,585000.0,3 Bedrooms,2 full Bathrooms,Condo
https://www.trulia.com/property/3150179222-159-2nd-St-705-Jersey-City-NJ-07302,159 2nd St #705,Jersey City,NJ,7302,1411.0,899000.0,2 Bedrooms,2 full Bathrooms,Condo
https://www.trulia.com/property/3262171027-149-Grant-Ave-3C-Jersey-City-NJ-07305,149 Grant Ave #3C,Jersey City,NJ,7305,851.0,125000.0,2 Bedrooms,1 full Bathroom,Condo
https://www.trulia.com/property/3262537419-476-Monmouth-St-402-Jersey-City-NJ-07302,476 Monmouth St #402,Jersey City,NJ,7302,810.0,699000.0,2 Bedrooms,1 full Bathroom,Condo
https://www.trulia.com/property/3039241775-45-River-Dr-S-1509-Jersey-City-NJ-07310,45 River Dr S #1509,Jersey City,NJ,7310,1377.0,879000.0,3 Bedrooms,2 full Bathrooms,Condo
https://www.trulia.com/property/3263061986-72-Jefferson-Ave-2F-Jersey-City-NJ-07306,72 Jefferson Ave #2F,Jersey City,NJ,7306,600.0,220000.0,2 Bedrooms,1 full Bathroom,Condo
https://www.trulia.com/property/3247276387-44-Prospect-St-1-D-Jersey-City-NJ-07307,44 Prospect St #1-D,Jersey City,NJ,7307,1457.0,449000.0,3 Bedrooms,2 full Bathrooms,Condo
https://www.trulia.com/property/3259345229-264-3rd-St-1L-Jersey-City-NJ-07302,264 3rd St #1L,Jersey City,NJ,7302,836.0,625000.0,1 Bedroom,"1 full, 1 partial Bathrooms",Condo
https://www.trulia.com/property/3059762627-2-2nd-St-3305-Jersey-City-NJ-07302,2 2nd St #3305,Jersey City,NJ,7302,1371.0,2050000.0,2 Bedrooms,"2 full, 1 partial Bathrooms",Condo
https://www.trulia.com/property/3259285431-129-Prospect-St-3-Jersey-City-NJ-07307,129 Prospect St #3,Jersey City,NJ,7307,975.0,575000.0,3 Bedrooms,1 full Bathroom,Condo
https://www.trulia.com/property/3058676675-50-Reservoir-Ave-201-Jersey-City-NJ-07307,50 Reservoir Ave #201,Jersey City,NJ,7307,993.0,365000.0,2 Bedrooms,1 full Bathroom,Condo
https://www.trulia.com/property/3258097463-96-A-Suburbia-Dr-Jersey-City-NJ-07305,96 A Suburbia Dr,Jersey City,NJ,7305,825.0,177851.0,2 Bedrooms,"1 full, 1 partial Bathrooms",Condo
https://www.trulia.com/property/1078203552-349-New-York-Ave-5-Jersey-City-NJ-07307,349 New York Ave #5,Jersey City,NJ,7307,1780.0,585000.0,3 Bedrooms,2 full Bathrooms,Condo
https://www.trulia.com/property/3150179222-159-2nd-St-705-Jersey-City-NJ-07302,159 2nd St #705,Jersey City,NJ,7302,1411.0,899000.0,2 Bedrooms,2 full Bathrooms,Condo
https://www.trulia.com/property/3262171027-149-Grant-Ave-3C-Jersey-City-NJ-07305,149 Grant Ave #3C,Jersey City,NJ,7305,851.0,125000.0,2 Bedrooms,1 full Bathroom,Condo
https://www.trulia.com/property/3262537419-476-Monmouth-St-402-Jersey-City-NJ-07302,476 Monmouth St #402,Jersey City,NJ,7302,810.0,699000.0,2 Bedrooms,1 full Bathroom,Condo
https://www.trulia.com/property/3039241775-45-River-Dr-S-1509-Jersey-City-NJ-07310,45 River Dr S #1509,Jersey City,NJ,7310,1377.0,879000.0,3 Bedrooms,2 full Bathrooms,Condo
https://www.trulia.com/property/3263061986-72-Jefferson-Ave-2F-Jersey-City-NJ-07306,72 Jefferson Ave #2F,Jersey City,NJ,7306,600.0,220000.0,2 Bedrooms,1 full Bathroom,Condo
https://www.trulia.com/property/3247276387-44-Prospect-St-1-D-Jersey-City-NJ-07307,44 Prospect St #1-D,Jersey City,NJ,7307,1457.0,449000.0,3 Bedrooms,2 full Bathrooms,Condo
https://www.trulia.com/property/3259345229-264-3rd-St-1L-Jersey-City-NJ-07302,264 3rd St #1L,Jersey City,NJ,7302,836.0,625000.0,1 Bedroom,"1 full, 1 partial Bathrooms",Condo
https://www.trulia.com/property/3059762627-2-2nd-St-3305-Jersey-City-NJ-07302,2 2nd St #3305,Jersey City,NJ,7302,1371.0,2050000.0,2 Bedrooms,"2 full, 1 partial Bathrooms",Condo
https://www.trulia.com/property/3259285431-129-Prospect-St-3-Jersey-City-NJ-07307,129 Prospect St #3,Jersey City,NJ,7307,975.0,575000.0,3 Bedrooms,1 full Bathroom,Condo
https://www.trulia.com/property/3058676675-50-Reservoir-Ave-201-Jersey-City-NJ-07307,50 Reservoir Ave #201,Jersey City,NJ,7307,993.0,365000.0,2 Bedrooms,1 full Bathroom,Condo
https://www.trulia.com/property/3258097463-96-A-Suburbia-Dr-Jersey-City-NJ-07305,96 A Suburbia Dr,Jersey City,NJ,7305,825.0,177851.0,2 Bedrooms,"1 full, 1 partial Bathrooms",Condo
https://www.trulia.com/property/1078203552-349-New-York-Ave-5-Jersey-City-NJ-07307,349 New York Ave #5,Jersey City,NJ,7307,1780.0,585000.0,3 Bedrooms,2 full Bathrooms,Condo
https://www.trulia.com/property/3150179222-159-2nd-St-705-Jersey-City-NJ-07302,159 2nd St #705,Jersey City,NJ,7302,1411.0,899000.0,2 Bedrooms,2 full Bathrooms,Condo
https://www.trulia.com/property/3262171027-149-Grant-Ave-3C-Jersey-City-NJ-07305,149 Grant Ave #3C,Jersey City,NJ,7305,851.0,125000.0,2 Bedrooms,1 full Bathroom,Condo
https://www.trulia.com/property/3262537419-476-Monmouth-St-402-Jersey-City-NJ-07302,476 Monmouth St #402,Jersey City,NJ,7302,810.0,699000.0,2 Bedrooms,1 full Bathroom,Condo
https://www.trulia.com/property/3039241775-45-River-Dr-S-1509-Jersey-City-NJ-07310,45 River Dr S #1509,Jersey City,NJ,7310,1377.0,879000.0,3 Bedrooms,2 full Bathrooms,Condo
https://www.trulia.com/property/3263061986-72-Jefferson-Ave-2F-Jersey-City-NJ-07306,72 Jefferson Ave #2F,Jersey City,NJ,7306,600.0,220000.0,2 Bedrooms,1 full Bathroom,Condo
https://www.trulia.com/property/3247276387-44-Prospect-St-1-D-Jersey-City-NJ-07307,44 Prospect St #1-D,Jersey City,NJ,7307,1457.0,449000.0,3 Bedrooms,2 full Bathrooms,Condo
https://www.trulia.com/property/3259345229-264-3rd-St-1L-Jersey-City-NJ-07302,264 3rd St #1L,Jersey City,NJ,7302,836.0,625000.0,1 Bedroom,"1 full, 1 partial Bathrooms",Condo
https://www.trulia.com/property/3059762627-2-2nd-St-3305-Jersey-City-NJ-07302,2 2nd St #3305,Jersey City,NJ,7302,1371.0,2050000.0,2 Bedrooms,"2 full, 1 partial Bathrooms",Condo
https://www.trulia.com/property/3259285431-129-Prospect-St-3-Jersey-City-NJ-07307,129 Prospect St #3,Jersey City,NJ,7307,975.0,575000.0,3 Bedrooms,1 full Bathroom,Condo
https://www.trulia.com/property/3058676675-50-Reservoir-Ave-201-Jersey-City-NJ-07307,50 Reservoir Ave #201,Jersey City,NJ,7307,993.0,365000.0,2 Bedrooms,1 full Bathroom,Condo
https://www.trulia.com/property/3258097463-96-A-Suburbia-Dr-Jersey-City-NJ-07305,96 A Suburbia Dr,Jersey City,NJ,7305,825.0,177851.0,2 Bedrooms,"1 full, 1 partial Bathrooms",Condo
https://www.trulia.com/property/1078203552-349-New-York-Ave-5-Jersey-City-NJ-07307,349 New York Ave #5,Jersey City,NJ,7307,1780.0,585000.0,3 Bedrooms,2 full Bathrooms,Condo
https://www.trulia.com/property/3150179222-159-2nd-St-705-Jersey-City-NJ-07302,159 2nd St #705,Jersey City,NJ,7302,1411.0,899000.0,2 Bedrooms,2 full Bathrooms,Condo
https://www.trulia.com/property/3262171027-149-Grant-Ave-3C-Jersey-City-NJ-07305,149 Grant Ave #3C,Jersey City,NJ,7305,851.0,125000.0,2 Bedrooms,1 full Bathroom,Condo
https://www.trulia.com/property/3262537419-476-Monmouth-St-402-Jersey-City-NJ-07302,476 Monmouth St #402,Jersey City,NJ,7302,810.0,699000.0,2 Bedrooms,1 full Bathroom,Condo
https://www.trulia.com/property/3039241775-45-River-Dr-S-1509-Jersey-City-NJ-07310,45 River Dr S #1509,Jersey City,NJ,7310,1377.0,879000.0,3 Bedrooms,2 full Bathrooms,Condo
https://www.trulia.com/property/3263061986-72-Jefferson-Ave-2F-Jersey-City-NJ-07306,72 Jefferson Ave #2F,Jersey City,NJ,7306,600.0,220000.0,2 Bedrooms,1 full Bathroom,Condo
https://www.trulia.com/property/3247276387-44-Prospect-St-1-D-Jersey-City-NJ-07307,44 Prospect St #1-D,Jersey City,NJ,7307,1457.0,449000.0,3 Bedrooms,2 full Bathrooms,Condo
https://www.trulia.com/property/3259345229-264-3rd-St-1L-Jersey-City-NJ-07302,264 3rd St #1L,Jersey City,NJ,7302,836.0,625000.0,1 Bedroom,"1 full, 1 partial Bathrooms",Condo
https://www.trulia.com/property/3059762627-2-2nd-St-3305-Jersey-City-NJ-07302,2 2nd St #3305,Jersey City,NJ,7302,1371.0,2050000.0,2 Bedrooms,"2 full, 1 partial Bathrooms",Condo
https://www.trulia.com/property/3259285431-129-Prospect-St-3-Jersey-City-NJ-07307,129 Prospect St #3,Jersey City,NJ,7307,975.0,575000.0,3 Bedrooms,1 full Bathroom,Condo
https://www.trulia.com/property/3058676675-50-Reservoir-Ave-201-Jersey-City-NJ-07307,50 Reservoir Ave #201,Jersey City,NJ,7307,993.0,365000.0,2 Bedrooms,1 full Bathroom,Condo
https://www.trulia.com/property/3258097463-96-A-Suburbia-Dr-Jersey-City-NJ-07305,96 A Suburbia Dr,Jersey City,NJ,7305,825.0,177851.0,2 Bedrooms,"1 full, 1 partial Bathrooms",Condo
https://www.trulia.com/property/1078203552-349-New-York-Ave-5-Jersey-City-NJ-07307,349 New York Ave #5,Jersey City,NJ,7307,1780.0,585000.0,3 Bedrooms,2 full Bathrooms,Condo
https://www.trulia.com/property/3150179222-159-2nd-St-705-Jersey-City-NJ-07302,159 2nd St #705,Jersey City,NJ,7302,1411.0,899000.0,2 Bedrooms,2 full Bathrooms,Condo
https://www.trulia.com/property/3262171027-149-Grant-Ave-3C-Jersey-City-NJ-07305,149 Grant Ave #3C,Jersey City,NJ,7305,851.0,125000.0,2 Bedrooms,1 full Bathroom,Condo
https://www.trulia.com/property/3262537419-476-Monmouth-St-402-Jersey-City-NJ-07302,476 Monmouth St #402,Jersey City,NJ,7302,810.0,699000.0,2 Bedrooms,1 full Bathroom,Condo
https://www.trulia.com/property/3039241775-45-River-Dr-S-1509-Jersey-City-NJ-07310,45 River Dr S #1509,Jersey City,NJ,7310,1377.0,879000.0,3 Bedrooms,2 full Bathrooms,Condo
https://www.trulia.com/property/3263061986-72-Jefferson-Ave-2F-Jersey-City-NJ-07306,72 Jefferson Ave #2F,Jersey City,NJ,7306,600.0,220000.0,2 Bedrooms,1 full Bathroom,Condo
https://www.trulia.com/property/3247276387-44-Prospect-St-1-D-Jersey-City-NJ-07307,44 Prospect St #1-D,Jersey City,NJ,7307,1457.0,449000.0,3 Bedrooms,2 full Bathrooms,Condo
https://www.trulia.com/property/3259345229-264-3rd-St-1L-Jersey-City-NJ-07302,264 3rd St #1L,Jersey City,NJ,7302,836.0,625000.0,1 Bedroom,"1 full, 1 partial Bathrooms",Condo
https://www.trulia.com/property/3059762627-2-2nd-St-3305-Jersey-City-NJ-07302,2 2nd St #3305,Jersey City,NJ,7302,1371.0,2050000.0,2 Bedrooms,"2 full, 1 partial Bathrooms",Condo
https://www.trulia.com/property/3259285431-129-Prospect-St-3-Jersey-City-NJ-07307,129 Prospect St #3,Jersey City,NJ,7307,975.0,575000.0,3 Bedrooms,1 full Bathroom,Condo
https://www.trulia.com/property/3058676675-50-Reservoir-Ave-201-Jersey-City-NJ-07307,50 Reservoir Ave #201,Jersey City,NJ,7307,993.0,365000.0,2 Bedrooms,1 full Bathroom,Condo
https://www.trulia.com/property/3258097463-96-A-Suburbia-Dr-Jersey-City-NJ-07305,96 A Suburbia Dr,Jersey City,NJ,7305,825.0,177851.0,2 Bedrooms,"1 full, 1 partial Bathrooms",Condo
https://www.trulia.com/property/1078203552-349-New-York-Ave-5-Jersey-City-NJ-07307,349 New York Ave #5,Jersey City,NJ,7307,1780.0,585000.0,3 Bedrooms,2 full Bathrooms,Condo
https://www.trulia.com/property/3150179222-159-2nd-St-705-Jersey-City-NJ-07302,159 2nd St #705,Jersey City,NJ,7302,1411.0,899000.0,2 Bedrooms,2 full Bathrooms,Condo
https://www.trulia.com/property/3262171027-149-Grant-Ave-3C-Jersey-City-NJ-07305,149 Grant Ave #3C,Jersey City,NJ,7305,851.0,125000.0,2 Bedrooms,1 full Bathroom,Condo
https://www.trulia.com/property/3262537419-476-Monmouth-St-402-Jersey-City-NJ-07302,476 Monmouth St #402,Jersey City,NJ,7302,810.0,699000.0,2 Bedrooms,1 full Bathroom,Condo
https://www.trulia.com/property/3039241775-45-River-Dr-S-1509-Jersey-City-NJ-07310,45 River Dr S #1509,Jersey City,NJ,7310,1377.0,879000.0,3 Bedrooms,2 full Bathrooms,Condo
https://www.trulia.com/property/3263061986-72-Jefferson-Ave-2F-Jersey-City-NJ-07306,72 Jefferson Ave #2F,Jersey City,NJ,7306,600.0,220000.0,2 Bedrooms,1 full Bathroom,Condo
https://www.trulia.com/property/3247276387-44-Prospect-St-1-D-Jersey-City-NJ-07307,44 Prospect St #1-D,Jersey City,NJ,7307,1457.0,449000.0,3 Bedrooms,2 full Bathrooms,Condo
https://www.trulia.com/property/3259345229-264-3rd-St-1L-Jersey-City-NJ-07302,264 3rd St #1L,Jersey City,NJ,7302,836.0,625000.0,1 Bedroom,"1 full, 1 partial Bathrooms",Condo
https://www.trulia.com/property/3059762627-2-2nd-St-3305-Jersey-City-NJ-07302,2 2nd St #3305,Jersey City,NJ,7302,1371.0,2050000.0,2 Bedrooms,"2 full, 1 partial Bathrooms",Condo
https://www.trulia.com/property/3259285431-129-Prospect-St-3-Jersey-City-NJ-07307,129 Prospect St #3,Jersey City,NJ,7307,975.0,575000.0,3 Bedrooms,1 full Bathroom,Condo
https://www.trulia.com/property/3058676675-50-Reservoir-Ave-201-Jersey-City-NJ-07307,50 Reservoir Ave #201,Jersey City,NJ,7307,993.0,365000.0,2 Bedrooms,1 full Bathroom,Condo
https://www.trulia.com/property/3258097463-96-A-Suburbia-Dr-Jersey-City-NJ-07305,96 A Suburbia Dr,Jersey City,NJ,7305,825.0,177851.0,2 Bedrooms,"1 full, 1 partial Bathrooms",Condo
https://www.trulia.com/property/1078203552-349-New-York-Ave-5-Jersey-City-NJ-07307,349 New York Ave #5,Jersey City,NJ,7307,1780.0,585000.0,3 Bedrooms,2 full Bathrooms,Condo
https://www.trulia.com/property/3150179222-159-2nd-St-705-Jersey-City-NJ-07302,159 2nd St #705,Jersey City,NJ,7302,1411.0,899000.0,2 Bedrooms,2 full Bathrooms,Condo
https://www.trulia.com/property/3262171027-149-Grant-Ave-3C-Jersey-City-NJ-07305,149 Grant Ave #3C,Jersey City,NJ,7305,851.0,125000.0,2 Bedrooms,1 full Bathroom,Condo
https://www.trulia.com/property/3262537419-476-Monmouth-St-402-Jersey-City-NJ-07302,476 Monmouth St #402,Jersey City,NJ,7302,810.0,699000.0,2 Bedrooms,1 full Bathroom,Condo
https://www.trulia.com/property/3039241775-45-River-Dr-S-1509-Jersey-City-NJ-07310,45 River Dr S #1509,Jersey City,NJ,7310,1377.0,879000.0,3 Bedrooms,2 full Bathrooms,Condo
https://www.trulia.com/property/3263061986-72-Jefferson-Ave-2F-Jersey-City-NJ-07306,72 Jefferson Ave #2F,Jersey City,NJ,7306,600.0,220000.0,2 Bedrooms,1 full Bathroom,Condo
https://www.trulia.com/property/3247276387-44-Prospect-St-1-D-Jersey-City-NJ-07307,44 Prospect St #1-D,Jersey City,NJ,7307,1457.0,449000.0,3 Bedrooms,2 full Bathrooms,Condo
https://www.trulia.com/property/3259345229-264-3rd-St-1L-Jersey-City-NJ-07302,264 3rd St #1L,Jersey City,NJ,7302,836.0,625000.0,1 Bedroom,"1 full, 1 partial Bathrooms",Condo
https://www.trulia.com/property/3059762627-2-2nd-St-3305-Jersey-City-NJ-07302,2 2nd St #3305,Jersey City,NJ,7302,1371.0,2050000.0,2 Bedrooms,"2 full, 1 partial Bathrooms",Condo
https://www.trulia.com/property/3259285431-129-Prospect-St-3-Jersey-City-NJ-07307,129 Prospect St #3,Jersey City,NJ,7307,975.0,575000.0,3 Bedrooms,1 full Bathroom,Condo
https://www.trulia.com/property/3058676675-50-Reservoir-Ave-201-Jersey-City-NJ-07307,50 Reservoir Ave #201,Jersey City,NJ,7307,993.0,365000.0,2 Bedrooms,1 full Bathroom,Condo
https://www.trulia.com/property/3258097463-96-A-Suburbia-Dr-Jersey-City-NJ-07305,96 A Suburbia Dr,Jersey City,NJ,7305,825.0,177851.0,2 Bedrooms,"1 full, 1 partial Bathrooms",Condo
https://www.trulia.com/property/1078203552-349-New-York-Ave-5-Jersey-City-NJ-07307,349 New York Ave #5,Jersey City,NJ,7307,1780.0,585000.0,3 Bedrooms,2 full Bathrooms,Condo
https://www.trulia.com/property/3150179222-159-2nd-St-705-Jersey-City-NJ-07302,159 2nd St #705,Jersey City,NJ,7302,1411.0,899000.0,2 Bedrooms,2 full Bathrooms,Condo
https://www.trulia.com/property/3262171027-149-Grant-Ave-3C-Jersey-City-NJ-07305,149 Grant Ave #3C,Jersey City,NJ,7305,851.0,125000.0,2 Bedrooms,1 full Bathroom,Condo
https://www.trulia.com/property/3262537419-476-Monmouth-St-402-Jersey-City-NJ-07302,476 Monmouth St #402,Jersey City,NJ,7302,810.0,699000.0,2 Bedrooms,1 full Bathroom,Condo
https://www.trulia.com/property/3039241775-45-River-Dr-S-1509-Jersey-City-NJ-07310,45 River Dr S #1509,Jersey City,NJ,7310,1377.0,879000.0,3 Bedrooms,2 full Bathrooms,Condo
https://www.trulia.com/property/3263061986-72-Jefferson-Ave-2F-Jersey-City-NJ-07306,72 Jefferson Ave #2F,Jersey City,NJ,7306,600.0,220000.0,2 Bedrooms,1 full Bathroom,Condo
https://www.trulia.com/property/3247276387-44-Prospect-St-1-D-Jersey-City-NJ-07307,44 Prospect St #1-D,Jersey City,NJ,7307,1457.0,449000.0,3 Bedrooms,2 full Bathrooms,Condo
https://www.trulia.com/property/3259345229-264-3rd-St-1L-Jersey-City-NJ-07302,264 3rd St #1L,Jersey City,NJ,7302,836.0,625000.0,1 Bedroom,"1 full, 1 partial Bathrooms",Condo
https://www.trulia.com/property/3059762627-2-2nd-St-3305-Jersey-City-NJ-07302,2 2nd St #3305,Jersey City,NJ,7302,1371.0,2050000.0,2 Bedrooms,"2 full, 1 partial Bathrooms",Condo
https://www.trulia.com/property/3259285431-129-Prospect-St-3-Jersey-City-NJ-07307,129 Prospect St #3,Jersey City,NJ,7307,975.0,575000.0,3 Bedrooms,1 full Bathroom,Condo
https://www.trulia.com/property/3058676675-50-Reservoir-Ave-201-Jersey-City-NJ-07307,50 Reservoir Ave #201,Jersey City,NJ,7307,993.0,365000.0,2 Bedrooms,1 full Bathroom,Condo
https://www.trulia.com/property/3258097463-96-A-Suburbia-Dr-Jersey-City-NJ-07305,96 A Suburbia Dr,Jersey City,NJ,7305,825.0,177851.0,2 Bedrooms,"1 full, 1 partial Bathrooms",Condo
https://www.trulia.com/property/1078203552-349-New-York-Ave-5-Jersey-City-NJ-07307,349 New York Ave #5,Jersey City,NJ,7307,1780.0,585000.0,3 Bedrooms,2 full Bathrooms,Condo
https://www.trulia.com/property/3150179222-159-2nd-St-705-Jersey-City-NJ-07302,159 2nd St #705,Jersey City,NJ,7302,1411.0,899000.0,2 Bedrooms,2 full Bathrooms,Condo
https://www.trulia.com/property/3262171027-149-Grant-Ave-3C-Jersey-City-NJ-07305,149 Grant Ave #3C,Jersey City,NJ,7305,851.0,125000.0,2 Bedrooms,1 full Bathroom,Condo
https://www.trulia.com/property/3262537419-476-Monmouth-St-402-Jersey-City-NJ-07302,476 Monmouth St #402,Jersey City,NJ,7302,810.0,699000.0,2 Bedrooms,1 full Bathroom,Condo
https://www.trulia.com/property/3039241775-45-River-Dr-S-1509-Jersey-City-NJ-07310,45 River Dr S #1509,Jersey City,NJ,7310,1377.0,879000.0,3 Bedrooms,2 full Bathrooms,Condo
https://www.trulia.com/property/3263061986-72-Jefferson-Ave-2F-Jersey-City-NJ-07306,72 Jefferson Ave #2F,Jersey City,NJ,7306,600.0,220000.0,2 Bedrooms,1 full Bathroom,Condo
https://www.trulia.com/property/3247276387-44-Prospect-St-1-D-Jersey-City-NJ-07307,44 Prospect St #1-D,Jersey City,NJ,7307,1457.0,449000.0,3 Bedrooms,2 full Bathrooms,Condo
https://www.trulia.com/property/3259345229-264-3rd-St-1L-Jersey-City-NJ-07302,264 3rd St #1L,Jersey City,NJ,7302,836.0,625000.0,1 Bedroom,"1 full, 1 partial Bathrooms",Condo
https://www.trulia.com/property/3059762627-2-2nd-St-3305-Jersey-City-NJ-07302,2 2nd St #3305,Jersey City,NJ,7302,1371.0,2050000.0,2 Bedrooms,"2 full, 1 partial Bathrooms",Condo
https://www.trulia.com/property/3259285431-129-Prospect-St-3-Jersey-City-NJ-07307,129 Prospect St #3,Jersey City,NJ,7307,975.0,575000.0,3 Bedrooms,1 full Bathroom,Condo
https://www.trulia.com/property/3058676675-50-Reservoir-Ave-201-Jersey-City-NJ-07307,50 Reservoir Ave #201,Jersey City,NJ,7307,993.0,365000.0,2 Bedrooms,1 full Bathroom,Condo
https://www.trulia.com/property/3258097463-96-A-Suburbia-Dr-Jersey-City-NJ-07305,96 A Suburbia Dr,Jersey City,NJ,7305,825.0,177851.0,2 Bedrooms,"1 full, 1 partial Bathrooms",Condo
https://www.trulia.com/property/1078203552-349-New-York-Ave-5-Jersey-City-NJ-07307,349 New York Ave #5,Jersey City,NJ,7307,1780.0,585000.0,3 Bedrooms,2 full Bathrooms,Condo
https://www.trulia.com/property/3150179222-159-2nd-St-705-Jersey-City-NJ-07302,159 2nd St #705,Jersey City,NJ,7302,1411.0,899000.0,2 Bedrooms,2 full Bathrooms,Condo
https://www.trulia.com/property/3262171027-149-Grant-Ave-3C-Jersey-City-NJ-07305,149 Grant Ave #3C,Jersey City,NJ,7305,851.0,125000.0,2 Bedrooms,1 full Bathroom,Condo
https://www.trulia.com/property/3262537419-476-Monmouth-St-402-Jersey-City-NJ-07302,476 Monmouth St #402,Jersey City,NJ,7302,810.0,699000.0,2 Bedrooms,1 full Bathroom,Condo
https://www.trulia.com/property/3039241775-45-River-Dr-S-1509-Jersey-City-NJ-07310,45 River Dr S #1509,Jersey City,NJ,7310,1377.0,879000.0,3 Bedrooms,2 full Bathrooms,Condo
https://www.trulia.com/property/3263061986-72-Jefferson-Ave-2F-Jersey-City-NJ-07306,72 Jefferson Ave #2F,Jersey City,NJ,7306,600.0,220000.0,2 Bedrooms,1 full Bathroom,Condo
https://www.trulia.com/property/3247276387-44-Prospect-St-1-D-Jersey-City-NJ-07307,44 Prospect St #1-D,Jersey City,NJ,7307,1457.0,449000.0,3 Bedrooms,2 full Bathrooms,Condo
https://www.trulia.com/property/3259345229-264-3rd-St-1L-Jersey-City-NJ-07302,264 3rd St #1L,Jersey City,NJ,7302,836.0,625000.0,1 Bedroom,"1 full, 1 partial Bathrooms",Condo
https://www.trulia.com/property/3059762627-2-2nd-St-3305-Jersey-City-NJ-07302,2 2nd St #3305,Jersey City,NJ,7302,1371.0,2050000.0,2 Bedrooms,"2 full, 1 partial Bathrooms",Condo
https://www.trulia.com/property/3259285431-129-Prospect-St-3-Jersey-City-NJ-07307,129 Prospect St #3,Jersey City,NJ,7307,975.0,575000.0,3 Bedrooms,1 full Bathroom,Condo
https://www.trulia.com/property/3058676675-50-Reservoir-Ave-201-Jersey-City-NJ-07307,50 Reservoir Ave #201,Jersey City,NJ,7307,993.0,365000.0,2 Bedrooms,1 full Bathroom,Condo
https://www.trulia.com/property/3258097463-96-A-Suburbia-Dr-Jersey-City-NJ-07305,96 A Suburbia Dr,Jersey City,NJ,7305,825.0,177851.0,2 Bedrooms,"1 full, 1 partial Bathrooms",Condo
https://www.trulia.com/property/1078203552-349-New-York-Ave-5-Jersey-City-NJ-07307,349 New York Ave #5,Jersey City,NJ,7307,1780.0,585000.0,3 Bedrooms,2 full Bathrooms,Condo
https://www.trulia.com/property/3150179222-159-2nd-St-705-Jersey-City-NJ-07302,159 2nd St #705,Jersey City,NJ,7302,1411.0,899000.0,2 Bedrooms,2 full Bathrooms,Condo
https://www.trulia.com/property/3262171027-149-Grant-Ave-3C-Jersey-City-NJ-07305,149 Grant Ave #3C,Jersey City,NJ,7305,851.0,125000.0,2 Bedrooms,1 full Bathroom,Condo
https://www.trulia.com/property/3262537419-476-Monmouth-St-402-Jersey-City-NJ-07302,476 Monmouth St #402,Jersey City,NJ,7302,810.0,699000.0,2 Bedrooms,1 full Bathroom,Condo
https://www.trulia.com/property/3039241775-45-River-Dr-S-1509-Jersey-City-NJ-07310,45 River Dr S #1509,Jersey City,NJ,7310,1377.0,879000.0,3 Bedrooms,2 full Bathrooms,Condo
https://www.trulia.com/property/3263061986-72-Jefferson-Ave-2F-Jersey-City-NJ-07306,72 Jefferson Ave #2F,Jersey City,NJ,7306,600.0,220000.0,2 Bedrooms,1 full Bathroom,Condo
https://www.trulia.com/property/3247276387-44-Prospect-St-1-D-Jersey-City-NJ-07307,44 Prospect St #1-D,Jersey City,NJ,7307,1457.0,449000.0,3 Bedrooms,2 full Bathrooms,Condo
https://www.trulia.com/property/3259345229-264-3rd-St-1L-Jersey-City-NJ-07302,264 3rd St #1L,Jersey City,NJ,7302,836.0,625000.0,1 Bedroom,"1 full, 1 partial Bathrooms",Condo
https://www.trulia.com/property/3059762627-2-2nd-St-3305-Jersey-City-NJ-07302,2 2nd St #3305,Jersey City,NJ,7302,1371.0,2050000.0,2 Bedrooms,"2 full, 1 partial Bathrooms",Condo
https://www.trulia.com/property/3259285431-129-Prospect-St-3-Jersey-City-NJ-07307,129 Prospect St #3,Jersey City,NJ,7307,975.0,575000.0,3 Bedrooms,1 full Bathroom,Condo
https://www.trulia.com/property/3058676675-50-Reservoir-Ave-201-Jersey-City-NJ-07307,50 Reservoir Ave #201,Jersey City,NJ,7307,993.0,365000.0,2 Bedrooms,1 full Bathroom,Condo
https://www.trulia.com/property/3258097463-96-A-Suburbia-Dr-Jersey-City-NJ-07305,96 A Suburbia Dr,Jersey City,NJ,7305,825.0,177851.0,2 Bedrooms,"1 full, 1 partial Bathrooms",Condo
https://www.trulia.com/property/1078203552-349-New-York-Ave-5-Jersey-City-NJ-07307,349 New York Ave #5,Jersey City,NJ,7307,1780.0,585000.0,3 Bedrooms,2 full Bathrooms,Condo
https://www.trulia.com/property/3150179222-159-2nd-St-705-Jersey-City-NJ-07302,159 2nd St #705,Jersey City,NJ,7302,1411.0,899000.0,2 Bedrooms,2 full Bathrooms,Condo
https://www.trulia.com/property/3262171027-149-Grant-Ave-3C-Jersey-City-NJ-07305,149 Grant Ave #3C,Jersey City,NJ,7305,851.0,125000.0,2 Bedrooms,1 full Bathroom,Condo
https://www.trulia.com/property/3262537419-476-Monmouth-St-402-Jersey-City-NJ-07302,476 Monmouth St #402,Jersey City,NJ,7302,810.0,699000.0,2 Bedrooms,1 full Bathroom,Condo
https://www.trulia.com/property/3039241775-45-River-Dr-S-1509-Jersey-City-NJ-07310,45 River Dr S #1509,Jersey City,NJ,7310,1377.0,879000.0,3 Bedrooms,2 full Bathrooms,Condo
https://www.trulia.com/property/3263061986-72-Jefferson-Ave-2F-Jersey-City-NJ-07306,72 Jefferson Ave #2F,Jersey City,NJ,7306,600.0,220000.0,2 Bedrooms,1 full Bathroom,Condo
