street,zip_code,city,state,county,latitude,longitude,use_code,tax_assessment_year,tax_assessment,year_built,lot_size_sqft,finished_sqft,bathroom,bedrooms,last_sold_date,last_sold_price,region_id,region_type,region_name
2 Baldwin Ave,7304,Jersey City,NJ,Hudson,40.72163,-74.065507,MultiFamily2To4,2015,186876,NA,1720,NA,3,7,5/2/17,535000,274464,neighborhood,McGinley Square
425 Egret Ln,7094,Secaucus,NJ,Hudson,40.787301,-74.076457,Condominium,2015,263041,1976,NA,1347,2,2,5/2/17,345000,33911,city,Secaucus
410 Jefferson St APT 1L,7030,Hoboken,NJ,Hudson,40.742751,-74.037059,Condominium,2015,255864,NA,510,510,1,1,5/1/17,385000,25146,city,Hoboken
12 Linden Ave,7305,Jersey City,NJ,Hudson,40.692314,-74.088741,MultiFamily5Plus,2015,283144,NA,NA,NA,1,2,5/1/17,1200,189019,neighborhood,Greenville
405 2nd St APT 3L,7302,Jersey City,NJ,Hudson,40.723213,-74.051577,Condominium,2015,247835,1900,NA,578,1,2,5/1/17,420000,273483,neighborhood,Downtown
126 Webster Ave APT 2D,7307,Jersey City,NJ,Hudson,40.742739,-74.046738,Condominium,2015,314123,NA,NA,1387,1,2,5/1/17,650000,275707,neighborhood,The Heights
1450 Washington St APT 521,7030,Hoboken,NJ,Hudson,40.753839,-74.02596,MultiFamily2To4,2015,538001,2012,NA,749,1,1,4/28/17,690000,25146,city,Hoboken
210 Jackson St APT 3,7030,Hoboken,NJ,Hudson,40.740754,-74.040633,Condominium,2015,639491,2000,1258,1258,2,2,4/28/17,839500,25146,city,Hoboken
4801 Palisade Ave APT 3B,7087,Union City,NJ,Hudson,40.780879,-74.019792,Condominium,2015,337838,2005,1980,1300,2,2,4/28/17,322000,54791,city,Union City
612 Jersey Ave # 2,7302,Jersey City,NJ,Hudson,40.724921,-74.045451,Condominium,2015,161226,NA,NA,600,1,1,4/28/17,491000,273483,neighborhood,Downtown
124 Madison St APT 3L,7030,Hoboken,NJ,Hudson,40.739832,-74.039026,Condominium,2015,328258,NA,NA,550,1,1,4/28/17,430000,25146,city,Hoboken
384 Whimbrel Ln,7094,Secaucus,NJ,Hudson,40.786345,-74.075944,Condominium,2016,308841,1970,NA,1861,3,3,4/28/17,436000,33911,city,Secaucus
4514 Smith Ave # 4-2A,7047,North Bergen,NJ,Hudson,40.781289,-74.026777,Condominium,2015,211990,1986,867,867,NA,NA,4/27/17,214900,245503,neighborhood,Meadowview
40 Willow Ter,7030,Hoboken,NJ,Hudson,40.745227,-74.033019,SingleFamily,2015,624492,1901,622,864,1,3,4/26/17,837500,25146,city,Hoboken
219 Clendenny Ave,7304,Jersey City,NJ,Hudson,40.720618,-74.086862,SingleFamily,2015,283144,NA,2026,1447,2,3,4/26/17,355000,276653,neighborhood,West Side
1425 Garden St APT 303,7030,Hoboken,NJ,Hudson,40.753737,-74.027336,Condominium,2015,680311,2009,1141,1145,1.5,1,4/25/17,750000,25146,city,Hoboken
7423 Durham Ave,7047,North Bergen,NJ,Hudson,40.802231,-74.015648,SingleFamily,2015,186995,NA,NA,NA,NA,3,4/25/17,280000,40038,city,North Bergen
129 Franklin St APT B1,7307,Jersey City,NJ,Hudson,40.647879,-74.1898,Condominium,NA,NA,NA,NA,NA,1,2,NA,NA,31388,city,Elizabeth
212 William St,7029,Harrison,NJ,Hudson,40.74842,-74.159607,SingleFamily,2015,177549,2005,2613,1780,3,3,4/24/17,340000,8762,city,Harrison
1604 Central Ave,7087,Union City,NJ,Hudson,40.763504,-74.038113,MultiFamily2To4,2015,375376,NA,2700,NA,4,6,4/24/17,500000,54791,city,Union City
503 Bloomfield St # 1,7030,Hoboken,NJ,Hudson,40.742473,-74.030006,Condominium,2015,835927,1882,NA,1236,3,2,4/24/17,967000,25146,city,Hoboken
56 Storms Ave,7306,Jersey City,NJ,Hudson,40.722312,-74.067469,SingleFamily,2015,251832,NA,NA,NA,2,5,4/24/17,274000,274464,neighborhood,McGinley Square
1204 86th St,7047,North Bergen,NJ,Hudson,40.809019,-74.009045,SingleFamily,2015,165382,NA,2500,NA,2,3,4/24/17,312000,40038,city,North Bergen
1500 Hudson St APT 8A,7030,Hoboken,NJ,Hudson,40.754274,-74.024783,Condominium,2015,466847,NA,740,740,1,1,4/21/17,625000,25146,city,Hoboken
1108 Park Ave APT 3R,7030,Hoboken,NJ,Hudson,40.75088,-74.029897,Condominium,2015,472485,NA,NA,812,1,2,4/21/17,555000,25146,city,Hoboken
305 Saint Michaels Walk,7087,Union City,NJ,Hudson,40.765158,-74.037056,Condominium,2015,235951,2005,NA,1116,2,2,4/21/17,321500,54791,city,Union City
149 Essex St # 1503,7302,Jersey City,NJ,Hudson,40.713062,-74.041152,Condominium,2015,34644,NA,37239,968,NA,NA,6/30/11,455000,273483,neighborhood,Downtown
1602 75th St,7047,North Bergen,NJ,Hudson,40.803606,-74.017665,SingleFamily,2015,256155,NA,3402,NA,NA,3,4/21/17,390000,40038,city,North Bergen
110 Grant Ave,7029,Harrison,NJ,Hudson,40.748486,-74.161993,SingleFamily,NA,NA,1960,2500,NA,2,6,4/20/17,325000,8762,city,Harrison
527 78th St,7047,North Bergen,NJ,Hudson,40.801474,-74.008766,SingleFamily,2015,216313,1926,3333,1361,3,3,4/20/17,529000,762011,neighborhood,Racetrack
88 Morgan St APT 2308,7302,Jersey City,NJ,Hudson,40.719844,-74.035942,Condominium,2015,6995,NA,75542,837,1,1,11/10/16,707000,275730,neighborhood,The Waterfront
811 Montgomery St APT 2L,7306,Jersey City,NJ,Hudson,40.726229,-74.071033,Condominium,2015,258494,1904,3498,861,1,1,8/30/07,245000,274464,neighborhood,McGinley Square
277 4th St,7302,Jersey City,NJ,Hudson,40.72394,-74.046483,SingleFamily,2015,443038,NA,1899,NA,NA,NA,NA,NA,273483,neighborhood,Downtown
60 Erie St APT 306,7302,Jersey City,NJ,Hudson,40.723461,-74.043967,Condominium,2015,410060,NA,9901,1172,2,3,8/9/16,819000,273483,neighborhood,Downtown
263 Armstrong Ave,7305,Jersey City,NJ,Hudson,40.705186,-74.090957,SingleFamily,2015,261826,NA,1938,NA,1.5,4,11/3/16,329000,189019,neighborhood,Greenville
187 Liberty Ave,7306,Jersey City,NJ,Hudson,40.743288,-74.061956,MultiFamily2To4,2015,333112,NA,3825,890,4,6,1/26/17,475000,275707,neighborhood,The Heights
145 Sherman Ave APT 1R,7307,Jersey City,NJ,Hudson,40.745839,-74.046505,Condominium,2016,205573,NA,2800,830,1,2,9/21/16,278000,275707,neighborhood,The Heights
353 Webster Ave,7307,Jersey City,NJ,Hudson,40.750657,-74.042515,SingleFamily,2015,406395,NA,23099,NA,2,4,9/9/16,775000,275707,neighborhood,The Heights
126 Zabriskie St,7307,Jersey City,NJ,Hudson,40.74764,-74.055092,SingleFamily,2015,575616,NA,2500,NA,NA,0,9/12/16,499000,275707,neighborhood,The Heights
172 Bergen Ave,7305,Jersey City,NJ,Hudson,40.708335,-74.085069,MultiFamily2To4,2015,188875,1925,1451,2700,3,7,2/22/17,140000,189019,neighborhood,Greenville
203 Washington St,7302,Jersey City,NJ,Hudson,40.714148,-74.038291,MultiFamily2To4,2015,582945,NA,3123,6840,5,8,9/6/16,3125000,275730,neighborhood,The Waterfront
39 Union St,7304,Jersey City,NJ,Hudson,40.712055,-74.072529,MultiFamily2To4,2015,349767,NA,1001880,NA,5,7,2/28/17,417000,272945,neighborhood,Bergen-Lafayette
129 Franklin St APT B1,7307,Jersey City,NJ,Hudson,40.647879,-74.1898,Condominium,NA,NA,NA,NA,NA,1,2,NA,NA,31388,city,Elizabeth
15 Warren St APT 411X,7302,Jersey City,NJ,Hudson,40.711566,-74.040208,SingleFamily,2012,1966188,2002,63649,1370,NA,NA,NA,NA,273483,neighborhood,Downtown
142 Webster Ave # B1,7307,Jersey City,NJ,Hudson,40.743428,-74.046641,Condominium,2015,198202,NA,2500,992,1,2,12/9/16,335000,275707,neighborhood,The Heights
311 Washington St APT 11D,7302,Jersey City,NJ,Hudson,40.719261,-74.037261,Condominium,2015,561293,2007,10000,1306,2,2,8/22/16,830000,275730,neighborhood,The Waterfront
357 Varick St # 126A,7302,Jersey City,NJ,Hudson,40.720723,-74.048466,Condominium,2015,307128,NA,27399,802,1,1,10/7/16,474000,273483,neighborhood,Downtown
354 Terrace Ave,7307,Jersey City,NJ,Hudson,40.75806,-74.052084,SingleFamily,2015,383078,NA,385219,NA,2,4,10/17/16,439650,275707,neighborhood,The Heights
77 Hudson St APT 1504,7302,Jersey City,NJ,Hudson,40.714542,-74.034598,Condominium,2015,11659,NA,80586,758,1,1,8/30/16,739000,275730,neighborhood,The Waterfront
1 Greene St APT 209,7302,Jersey City,NJ,Hudson,40.712794,-74.036888,Condominium,2015,478348,NA,51836,1197,2,2,12/8/16,765000,275730,neighborhood,The Waterfront
479 Monmouth St # 1,7302,Jersey City,NJ,Hudson,40.726935,-74.048652,Condominium,2015,243505,NA,2500,522,NA,NA,6/18/10,180000,273483,neighborhood,Downtown
136 Sherman Ave,7307,Jersey City,NJ,Hudson,40.745161,-74.045903,MultiFamily2To4,2015,266489,1920,2000,1824,2,5,9/16/16,380000,275707,neighborhood,The Heights
108 Sanford Pl,7307,Jersey City,NJ,Hudson,40.74712,-74.055515,MultiFamily2To4,2015,283144,NA,2212,NA,3,5,3/15/17,435000,275707,neighborhood,The Heights
72 Bidwell Ave,7305,Jersey City,NJ,Hudson,40.703873,-74.079325,SingleFamily,2015,188541,NA,2500,NA,NA,NA,2/14/17,275000,189019,neighborhood,Greenville
45 River Dr S APT 2904,7310,Jersey City,NJ,Hudson,40.727601,-74.032081,Condominium,2015,26316,1989,43996,909,1,1,8/15/16,580000,275730,neighborhood,The Waterfront
129 Orient Ave,7305,Jersey City,NJ,Hudson,40.711657,-74.082016,SingleFamily,2015,191872,1991,2775,NA,NA,NA,1/10/17,227000,272945,neighborhood,Bergen-Lafayette
46 Bleecker St,7307,Jersey City,NJ,Hudson,40.750659,-74.048802,SingleFamily,2015,149900,NA,482,NA,NA,NA,9/16/16,220000,275707,neighborhood,The Heights
235 North St,7307,Jersey City,NJ,Hudson,40.754417,-74.05115,SingleFamily,2015,245503,1930,871,1400,1,3,2/22/17,174300,275707,neighborhood,The Heights
311 Washington St APT 7E,7302,Jersey City,NJ,Hudson,40.719261,-74.037261,Condominium,2015,515657,2007,10000,1200,2,2,11/1/16,790000,275730,neighborhood,The Waterfront
7400 River Rd APT 227,7047,North Bergen,NJ,Hudson,40.792306,-73.998122,Condominium,2015,461943,2006,NA,1075,2,2,4/28/17,425000,40038,city,North Bergen
162 Woodlawn Ave,7305,Jersey City,NJ,Hudson,40.703683,-74.086521,MultiFamily2To4,2015,193204,NA,1089000,NA,1,2,4/7/17,150000,189019,neighborhood,Greenville
1450 Washington St # 511,7030,Hoboken,NJ,Hudson,40.753839,-74.02596,Condominium,2015,924673,2012,NA,1207,2,2,4/7/17,999999,25146,city,Hoboken
157 Van Horne St,7304,Jersey City,NJ,Hudson,40.711571,-74.06568,MultiFamily2To4,2015,233178,1945,1698,2160,2,4,4/7/17,430000,272945,neighborhood,Bergen-Lafayette
1461 52nd St,7047,North Bergen,NJ,Hudson,40.787062,-74.027984,SingleFamily,2015,130802,NA,2099,NA,1,2,4/7/17,245000,40038,city,North Bergen
62 Carlton Ave,7306,Jersey City,NJ,Hudson,40.743647,-74.057086,Condominium,2015,226182,1901,2874,NA,4,4,4/6/17,495000,275707,neighborhood,The Heights
3515 Charles Ct,7047,North Bergen,NJ,Hudson,40.777976,-74.03708,SingleFamily,2015,208232,NA,2295,NA,2,3,4/6/17,310000,40038,city,North Bergen
714 9th St,7094,Secaucus,NJ,Hudson,40.793214,-74.068033,SingleFamily,2015,239097,1900,5000,1379,3,4,4/6/17,405000,33911,city,Secaucus
7618 1st Ave,7047,North Bergen,NJ,Hudson,40.800918,-74.008002,SingleFamily,2015,203534,1950,2500,1431,4,3,4/6/17,499000,762011,neighborhood,Racetrack
8 Waverly St,7306,Jersey City,NJ,Hudson,40.737088,-74.049246,SingleFamily,2015,283145,NA,2158,NA,NA,NA,4/11/17,1400,275707,neighborhood,The Heights
185 South St,7307,Jersey City,NJ,Hudson,40.750277,-74.050704,MultiFamily2To4,2015,416389,NA,2500,NA,3,6,4/5/17,530000,275707,neighborhood,The Heights
1156 50th St,7047,North Bergen,NJ,Hudson,40.784585,-74.02498,MultiFamily2To4,2015,196580,NA,1751,NA,NA,7,4/11/17,1700,40038,city,North Bergen
126 Webster Ave APT 1F,7307,Jersey City,NJ,Hudson,40.742771,-74.046958,MultiFamily2To4,NA,NA,NA,NA,1710,2,2,4/4/17,530000,275707,neighborhood,The Heights
24 Union St,7304,Jersey City,NJ,Hudson,40.711837,-74.071116,SingleFamily,2015,173218,NA,2064,NA,1,3,4/4/17,115000,272945,neighborhood,Bergen-Lafayette
64 Jefferson St # 64-B,7030,Hoboken,NJ,Hudson,40.738066,-74.038498,Condominium,2015,1118967,1998,2175,2175,NA,3,4/4/17,1400000,25146,city,Hoboken
691 3rd St,7094,Secaucus,NJ,Hudson,40.789069,-74.064425,SingleFamily,2016,268841,2016,5301,3300,4,4,4/4/17,740000,33911,city,Secaucus
89 Bostwick Ave,7305,Jersey City,NJ,Hudson,40.707814,-74.081807,MultiFamily5Plus,2015,295803,1970,2726,NA,1,3,4/3/17,437000,189019,neighborhood,Greenville
3502 Givernaud Ter,7047,North Bergen,NJ,Hudson,40.777878,-74.035566,SingleFamily,2015,193009,NA,2029,NA,NA,3,4/3/17,310000,40038,city,North Bergen
30 Manhattan Ave,7307,Jersey City,NJ,Hudson,40.742232,-74.050027,MultiFamily2To4,2015,283144,NA,2574,NA,1,3,4/3/17,400000,275707,neighborhood,The Heights
327 Maple St,7032,Kearny,NJ,Hudson,40.763515,-74.150427,MultiFamily2To4,2016,353338,1900,2500,NA,3,6,4/3/17,344900,5382,city,Kearny
2601 Palisade Ave # 2,7087,Union City,NJ,Hudson,40.768003,-74.029046,Condominium,2015,193050,1900,2500,932,1,2,4/1/17,180000,54791,city,Union City
9019 Wall St APT 2C,7047,North Bergen,NJ,Hudson,40.804569,-73.995515,MultiFamily2To4,2015,169705,1980,14418,935,2,2,4/1/17,1950,762010,neighborhood,Bulls Ferry
611 Schuyler Ave,7032,Kearny,NJ,Hudson,40.768664,-74.137386,MultiFamily2To4,2015,447920,1974,4050,4050,4,6,3/31/17,394000,5382,city,Kearny
421 Adams St APT 2R,7030,Hoboken,NJ,Hudson,40.742632,-74.035998,Condominium,2015,374155,NA,NA,543,1,1,3/31/17,375000,25146,city,Hoboken
207 Maple St,7086,Weehawken,NJ,Hudson,40.768254,-74.027255,SingleFamily,2015,292408,NA,1149,NA,2,3,3/31/17,500000,48385,city,Weehawken
741 Park Ave APT 3,7030,Hoboken,NJ,Hudson,40.745746,-74.031135,Condominium,2015,418133,1901,NA,671,1,1,3/31/17,436000,25146,city,Hoboken
209 Hutton St,7307,Jersey City,NJ,Hudson,40.746341,-74.055112,SingleFamily,2016,421643,1900,1089000,1973,3,4,3/31/17,540000,275707,neighborhood,The Heights
307 1st St APT 3,7030,Hoboken,NJ,Hudson,40.737997,-74.03498,Condominium,2015,458841,NA,1611,861,2,1,3/31/17,571000,25146,city,Hoboken
16 Roosevelt Ter,7002,Bayonne,NJ,Hudson,40.676549,-74.11703,SingleFamily,2015,447740,1955,5000,1872,3,3,3/31/17,445000,21685,city,Bayonne
111 W 4th St,7002,Bayonne,NJ,Hudson,40.650158,-74.13452,SingleFamily,2015,381009,NA,NA,NA,4,6,3/31/17,445000,21685,city,Bayonne
78 Jackson St # 5B,7030,Hoboken,NJ,Hudson,40.738475,-74.041702,Condominium,2015,861412,2009,1600,1600,2,3,3/31/17,1132500,25146,city,Hoboken
1 Shore Ln APT 1602,7310,Jersey City,NJ,Hudson,40.730388,-74.032325,Condominium,2015,20653,2000,40511,1120,2,2,3/31/17,965000,275730,neighborhood,The Waterfront
192 Prospect Ave,7002,Bayonne,NJ,Hudson,40.666389,-74.110959,MultiFamily2To4,2015,239656,1920,2500,1640,2,4,3/31/17,350000,21685,city,Bayonne
222 Monroe St # A2RS,7030,Hoboken,NJ,Hudson,40.74152,-74.039604,Condominium,2015,413171,1987,719,719,1,1,1/24/07,430000,25146,city,Hoboken
8804 1st Ave,7047,North Bergen,NJ,Hudson,40.807567,-74.003291,SingleFamily,2015,213870,NA,2500,NA,3,4,3/31/17,459000,40038,city,North Bergen
123 Harmon Cove Tower,7094,Secaucus,NJ,Hudson,40.781315,-74.078682,MultiFamily2To4,2015,205918,NA,NA,1379,2,2,3/31/17,302500,33911,city,Secaucus
4315 Newkirk Ave # 17,7047,North Bergen,NJ,Hudson,40.781251,-74.02967,SingleFamily,2015,299379,NA,2500,3237,NA,NA,3/31/17,390000,245503,neighborhood,Meadowview
83 Bright St # 4B,7302,Jersey City,NJ,Hudson,40.717162,-74.04904,Condominium,2015,230513,1908,3999,1730,2,2,3/30/17,1250000,273483,neighborhood,Downtown
536 28th St,7087,Union City,NJ,Hudson,40.77076,-74.03205,MultiFamily2To4,2015,327757,1908,2478,NA,3,4,3/30/17,255900,54791,city,Union City
270 Harrison Ave APT 108,7304,Jersey City,NJ,Hudson,40.72152,-74.079826,Condominium,2015,99267,1950,NA,850,1,2,3/30/17,240000,276653,neighborhood,West Side
120 W 22nd St,7002,Bayonne,NJ,Hudson,40.665552,-74.12425,SingleFamily,2015,261182,NA,2613,NA,2,4,3/30/17,315000,21685,city,Bayonne
2600 John F Kennedy Blvd APT 8C,7306,Jersey City,NJ,Hudson,40.725626,-74.072716,Condominium,2015,173551,NA,30527,1302,NA,NA,3/5/14,228000,276653,neighborhood,West Side
89 Windsor St,7032,Kearny,NJ,Hudson,40.761148,-74.153028,SingleFamily,2015,524670,1998,5001,2962,NA,NA,3/30/17,550000,5382,city,Kearny
90 Osprey Ct,7094,Secaucus,NJ,Hudson,40.801465,-74.06291,Condominium,2015,530187,2000,NA,2369,4,4,3/30/17,635000,33911,city,Secaucus
312 William St,7029,Harrison,NJ,Hudson,40.748655,-74.158069,SingleFamily,2015,297629,NA,2500,NA,NA,NA,3/29/17,355000,8762,city,Harrison
14A Riverview Cir,7047,North Bergen,NJ,Hudson,40.796167,-73.993524,Condominium,2015,253523,1983,308361,1600,2,2,5/16/02,440000,40038,city,North Bergen
19 W 53rd St,7002,Bayonne,NJ,Hudson,40.68513,-74.10139,MultiFamily2To4,2015,301124,1900,2500,2760,2,2,3/28/17,241000,21685,city,Bayonne
392 New York Ave,7307,Jersey City,NJ,Hudson,40.749442,-74.041533,MultiFamily2To4,2015,403064,NA,2500,1200,3,7,3/28/17,620000,275707,neighborhood,The Heights
71 Griffith St,7307,Jersey City,NJ,Hudson,40.74429,-74.04585,SingleFamily,2015,235510,NA,1002,NA,2,2,3/28/17,305000,275707,neighborhood,The Heights
1450 Washington St APT 210,7030,Hoboken,NJ,Hudson,40.753839,-74.02596,Condominium,2015,1262742,2012,NA,1504,2,3,3/28/17,1330000,25146,city,Hoboken
1450 Washington St APT 614,7030,Hoboken,NJ,Hudson,40.753839,-74.02596,Condominium,2015,582769,2012,NA,771,1,1,3/28/17,685000,25146,city,Hoboken
1450 Washington St APT 620,7030,Hoboken,NJ,Hudson,40.753839,-74.02596,Condominium,2015,823185,NA,NA,1115,2,1,3/28/17,903000,25146,city,Hoboken
22 Colonial Dr,7002,Bayonne,NJ,Hudson,40.69587,-74.10433,SingleFamily,2015,378140,1970,5625,2320,NA,NA,3/28/17,460000,21685,city,Bayonne
118 Willow Ave APT 1,7030,Hoboken,NJ,Hudson,40.738846,-74.034615,Condominium,2015,510826,NA,NA,868,1,2,3/27/17,755000,25146,city,Hoboken
107 Kensington Ave APT 203A,7304,Jersey City,NJ,Hudson,40.723512,-74.076738,Condominium,2016,120521,NA,NA,NA,1,1,3/27/17,170000,276653,neighborhood,West Side
1010 Willow Ave APT 1,7030,Hoboken,NJ,Hudson,40.749624,-74.031263,Condominium,2015,501917,1930,10367,950,1,1,3/27/17,700000,25146,city,Hoboken
16 Willow Ter,7030,Hoboken,NJ,Hudson,40.744821,-74.032928,SingleFamily,2015,650992,1900,631,1548,3,3,3/27/17,1042000,25146,city,Hoboken
120 32nd St APT 1L,7087,Union City,NJ,Hudson,40.768347,-74.025813,Condominium,2015,117761,NA,NA,572,1,1,3/27/17,158000,54791,city,Union City
1727 41st St,7047,North Bergen,NJ,Hudson,40.781794,-74.035538,MultiFamily2To4,2015,359143,NA,2374,NA,2,4,3/27/17,450000,189654,neighborhood,New Durham
803 Sip St APT 301,7087,Union City,NJ,Hudson,40.773754,-74.03286,Condominium,2015,309738,2006,1011,1026,1,2,3/24/17,345000,54791,city,Union City
203 Belmont Ave,7304,Jersey City,NJ,Hudson,40.721746,-74.075216,SingleFamily,2015,249833,1890,1189,NA,2,4,3/24/17,429000,274464,neighborhood,McGinley Square
44 Sherman Ave APT 2F,7307,Jersey City,NJ,Hudson,40.742196,-74.04819,Condominium,2015,93604,NA,NA,624,1,0,3/24/17,216000,275707,neighborhood,The Heights
129 Franklin St APT D3,7307,Jersey City,NJ,Hudson,40.742784,-74.050099,Condominium,2015,171553,NA,NA,606,1,1,3/24/17,229000,275707,neighborhood,The Heights
165 Hickory St,7032,Kearny,NJ,Hudson,40.759209,-74.145911,SingleFamily,2015,328281,NA,NA,NA,2,3,3/24/17,280000,5382,city,Kearny
15A Claremont Ave,7305,Jersey City,NJ,Hudson,40.706845,-74.074208,SingleFamily,2015,133244,1940,1550,1550,2,3,3/24/17,295000,272945,neighborhood,Bergen-Lafayette
2 Radio Ave APT C24,7094,Secaucus,NJ,Hudson,40.794214,-74.056255,Condominium,2015,147597,1980,NA,800,1,2,3/24/17,187500,33911,city,Secaucus
207 Blue Heron Dr,7094,Secaucus,NJ,Hudson,40.801355,-74.060482,Townhouse,2016,352274,NA,NA,1780,3,2,3/24/17,474000,33911,city,Secaucus
7111 Palisade Ave APT D1,7047,North Bergen,NJ,Hudson,40.796008,-74.008488,MultiFamily5Plus,2015,78933,1920,NA,602,1,1,3/24/17,99000,40038,city,North Bergen
2208 Harmon Cove Tower,7094,Secaucus,NJ,Hudson,40.781324,-74.078772,Condominium,2015,265606,1980,NA,1508,2,2,3/24/17,420000,33911,city,Secaucus
1 Greene St APT 608,7302,Jersey City,NJ,Hudson,40.712583,-74.036727,Condominium,2015,435376,NA,51836,1005,1,2,3/23/17,760000,275730,neighborhood,The Waterfront
600 Harbor Blvd UNIT 1058,7086,Weehawken,NJ,Hudson,40.758385,-74.025382,Condominium,2015,675828,2000,NA,1365,2,2,3/23/17,700000,48385,city,Weehawken
106 Humphrey Ave,7002,Bayonne,NJ,Hudson,40.650531,-74.133947,SingleFamily,2015,244200,1920,2692,1174,3,4,3/23/17,360000,21685,city,Bayonne
3907 Hudson Ave,7087,Union City,NJ,Hudson,40.77463,-74.023084,MultiFamily2To4,2015,360790,1898,1742,3178,3,6,3/22/17,365000,54791,city,Union City
56 Park St,7304,Jersey City,NJ,Hudson,40.717524,-74.068438,SingleFamily,2015,299800,1890,1564,1120,1,3,3/22/17,225000,274464,neighborhood,McGinley Square
2614 Palisade Ave # 1A,7086,Weehawken,NJ,Hudson,40.768016,-74.028907,Condominium,2015,145303,1970,NA,848,1,2,3/22/17,315000,48385,city,Weehawken
122 18th St,7087,Union City,NJ,Hudson,40.761423,-74.029878,SingleFamily,2015,284427,1910,2613,1880,NA,3,3/21/17,238000,54791,city,Union City
12 Audubon Ave APT 104,7305,Jersey City,NJ,Hudson,40.707794,-74.08665,Condominium,2015,96602,NA,12855,725,1,2,3/21/17,85000,189019,neighborhood,Greenville
228 Monroe St # D2RS,7030,Hoboken,NJ,Hudson,40.741382,-74.039819,Condominium,2016,399715,1985,719,719,NA,1,9/8/14,330000,25146,city,Hoboken
77 Hudson St APT 1708,7302,Jersey City,NJ,Hudson,40.714542,-74.034598,Condominium,2015,11659,NA,80586,872,1,1,3/21/17,885000,275730,neighborhood,The Waterfront
206 Seaview Ave,7305,Jersey City,NJ,Hudson,40.694856,-74.098018,MultiFamily2To4,2015,165223,2015,2844,NA,4,6,3/20/17,480000,189019,neighborhood,Greenville
109 Winfield Ave,7305,Jersey City,NJ,Hudson,40.692847,-74.094661,MultiFamily2To4,2015,253164,1895,2613,NA,3,7,3/20/17,180000,189019,neighborhood,Greenville
261 Ogden Ave,7307,Jersey City,NJ,Hudson,40.742863,-74.04429,MultiFamily2To4,2015,393071,NA,2500,NA,NA,6,3/20/17,699000,275707,neighborhood,The Heights
11 Cuneo Pl # D,7307,Jersey City,NJ,Hudson,40.738601,-74.047447,Condominium,2015,141572,NA,5597,783,1,2,3/20/17,324900,275707,neighborhood,The Heights
7 Marina Ky,7094,Secaucus,NJ,Hudson,40.787801,-74.076279,Townhouse,2015,284932,1976,NA,1452,3,2,3/20/17,388000,33911,city,Secaucus
509 Madison St APT 2C,7030,Hoboken,NJ,Hudson,40.743948,-74.037308,Condominium,2015,451962,NA,805,805,2,2,3/17/17,603000,25146,city,Hoboken
88 Morgan St APT 2308,7302,Jersey City,NJ,Hudson,40.719844,-74.035942,Condominium,2015,6995,NA,75542,837,1,1,11/10/16,707000,275730,neighborhood,The Waterfront
811 Montgomery St APT 2L,7306,Jersey City,NJ,Hudson,40.726229,-74.071033,Condominium,2015,258494,1904,3498,861,1,1,8/30/07,245000,274464,neighborhood,McGinley Square
277 4th St,7302,Jersey City,NJ,Hudson,40.72394,-74.046483,SingleFamily,2015,443038,NA,1899,NA,NA,NA,NA,NA,273483,neighborhood,Downtown
60 Erie St APT 306,7302,Jersey City,NJ,Hudson,40.723461,-74.043967,Condominium,2015,410060,NA,9901,1172,2,3,8/9/16,819000,273483,neighborhood,Downtown
263 Armstrong Ave,7305,Jersey City,NJ,Hudson,40.705186,-74.090957,SingleFamily,2015,261826,NA,1938,NA,1.5,4,11/3/16,329000,189019,neighborhood,Greenville
187 Liberty Ave,7306,Jersey City,NJ,Hudson,40.743288,-74.061956,MultiFamily2To4,2015,333112,NA,3825,890,4,6,1/26/17,475000,275707,neighborhood,The Heights
145 Sherman Ave APT 1R,7307,Jersey City,NJ,Hudson,40.745839,-74.046505,Condominium,2016,205573,NA,2800,830,1,2,9/21/16,278000,275707,neighborhood,The Heights
353 Webster Ave,7307,Jersey City,NJ,Hudson,40.750657,-74.042515,SingleFamily,2015,406395,NA,23099,NA,2,4,9/9/16,775000,275707,neighborhood,The Heights
126 Zabriskie St,7307,Jersey City,NJ,Hudson,40.74764,-74.055092,SingleFamily,2015,575616,NA,2500,NA,NA,0,9/12/16,499000,275707,neighborhood,The Heights
172 Bergen Ave,7305,Jersey City,NJ,Hudson,40.708335,-74.085069,MultiFamily2To4,2015,188875,1925,1451,2700,3,7,2/22/17,140000,189019,neighborhood,Greenville
203 Washington St,7302,Jersey City,NJ,Hudson,40.714148,-74.038291,MultiFamily2To4,2015,582945,NA,3123,6840,5,8,9/6/16,3125000,275730,neighborhood,The Waterfront
39 Union St,7304,Jersey City,NJ,Hudson,40.712055,-74.072529,MultiFamily2To4,2015,349767,NA,1001880,NA,5,7,2/28/17,417000,272945,neighborhood,Bergen-Lafayette
129 Franklin St APT B1,7307,Jersey City,NJ,Hudson,40.647879,-74.1898,Condominium,NA,NA,NA,NA,NA,1,2,NA,NA,31388,city,Elizabeth
15 Warren St APT 411X,7302,Jersey City,NJ,Hudson,40.711566,-74.040208,SingleFamily,2012,1966188,2002,63649,1370,NA,NA,NA,NA,273483,neighborhood,Downtown
142 Webster Ave # B1,7307,Jersey City,NJ,Hudson,40.743428,-74.046641,Condominium,2015,198202,NA,2500,992,1,2,12/9/16,335000,275707,neighborhood,The Heights
311 Washington St APT 11D,7302,Jersey City,NJ,Hudson,40.719261,-74.037261,Condominium,2015,561293,2007,10000,1306,2,2,8/22/16,830000,275730,neighborhood,The Waterfront
357 Varick St # 126A,7302,Jersey City,NJ,Hudson,40.720723,-74.048466,Condominium,2015,307128,NA,27399,802,1,1,10/7/16,474000,273483,neighborhood,Downtown
354 Terrace Ave,7307,Jersey City,NJ,Hudson,40.75806,-74.052084,SingleFamily,2015,383078,NA,385219,NA,2,4,10/17/16,439650,275707,neighborhood,The Heights
77 Hudson St APT 1504,7302,Jersey City,NJ,Hudson,40.714542,-74.034598,Condominium,2015,11659,NA,80586,758,1,1,8/30/16,739000,275730,neighborhood,The Waterfront
1 Greene St APT 209,7302,Jersey City,NJ,Hudson,40.712794,-74.036888,Condominium,2015,478348,NA,51836,1197,2,2,12/8/16,765000,275730,neighborhood,The Waterfront
479 Monmouth St # 1,7302,Jersey City,NJ,Hudson,40.726935,-74.048652,Condominium,2015,243505,NA,2500,522,NA,NA,6/18/10,180000,273483,neighborhood,Downtown
136 Sherman Ave,7307,Jersey City,NJ,Hudson,40.745161,-74.045903,MultiFamily2To4,2015,266489,1920,2000,1824,2,5,9/16/16,380000,275707,neighborhood,The Heights
108 Sanford Pl,7307,Jersey City,NJ,Hudson,40.74712,-74.055515,MultiFamily2To4,2015,283144,NA,2212,NA,3,5,3/15/17,435000,275707,neighborhood,The Heights
72 Bidwell Ave,7305,Jersey City,NJ,Hudson,40.703873,-74.079325,SingleFamily,2015,188541,NA,2500,NA,NA,NA,2/14/17,275000,189019,neighborhood,Greenville
45 River Dr S APT 2904,7310,Jersey City,NJ,Hudson,40.727601,-74.032081,Condominium,2015,26316,1989,43996,909,1,1,8/15/16,580000,275730,neighborhood,The Waterfront
129 Orient Ave,7305,Jersey City,NJ,Hudson,40.711657,-74.082016,SingleFamily,2015,191872,1991,2775,NA,NA,NA,1/10/17,227000,272945,neighborhood,Bergen-Lafayette
46 Bleecker St,7307,Jersey City,NJ,Hudson,40.750659,-74.048802,SingleFamily,2015,149900,NA,482,NA,NA,NA,9/16/16,220000,275707,neighborhood,The Heights
235 North St,7307,Jersey City,NJ,Hudson,40.754417,-74.05115,SingleFamily,2015,245503,1930,871,1400,1,3,2/22/17,174300,275707,neighborhood,The Heights
311 Washington St APT 7E,7302,Jersey City,NJ,Hudson,40.719261,-74.037261,Condominium,2015,515657,2007,10000,1200,2,2,11/1/16,790000,275730,neighborhood,The Waterfront
88 Morgan St APT 2308,7302,Jersey City,NJ,Hudson,40.719844,-74.035942,Condominium,2015,6995,NA,75542,837,1,1,11/10/16,707000,275730,neighborhood,The Waterfront
811 Montgomery St APT 2L,7306,Jersey City,NJ,Hudson,40.726229,-74.071033,Condominium,2015,258494,1904,3498,861,1,1,8/30/07,245000,274464,neighborhood,McGinley Square
277 4th St,7302,Jersey City,NJ,Hudson,40.72394,-74.046483,SingleFamily,2015,443038,NA,1899,NA,NA,NA,NA,NA,273483,neighborhood,Downtown
60 Erie St APT 306,7302,Jersey City,NJ,Hudson,40.723461,-74.043967,Condominium,2015,410060,NA,9901,1172,2,3,8/9/16,819000,273483,neighborhood,Downtown
263 Armstrong Ave,7305,Jersey City,NJ,Hudson,40.705186,-74.090957,SingleFamily,2015,261826,NA,1938,NA,1.5,4,11/3/16,329000,189019,neighborhood,Greenville
187 Liberty Ave,7306,Jersey City,NJ,Hudson,40.743288,-74.061956,MultiFamily2To4,2015,333112,NA,3825,890,4,6,1/26/17,475000,275707,neighborhood,The Heights
145 Sherman Ave APT 1R,7307,Jersey City,NJ,Hudson,40.745839,-74.046505,Condominium,2016,205573,NA,2800,830,1,2,9/21/16,278000,275707,neighborhood,The Heights
353 Webster Ave,7307,Jersey City,NJ,Hudson,40.750657,-74.042515,SingleFamily,2015,406395,NA,23099,NA,2,4,9/9/16,775000,275707,neighborhood,The Heights
126 Zabriskie St,7307,Jersey City,NJ,Hudson,40.74764,-74.055092,SingleFamily,2015,575616,NA,2500,NA,NA,0,9/12/16,499000,275707,neighborhood,The Heights
172 Bergen Ave,7305,Jersey City,NJ,Hudson,40.708335,-74.085069,MultiFamily2To4,2015,188875,1925,1451,2700,3,7,2/22/17,140000,189019,neighborhood,Greenville
203 Washington St,7302,Jersey City,NJ,Hudson,40.714148,-74.038291,MultiFamily2To4,2015,582945,NA,3123,6840,5,8,9/6/16,3125000,275730,neighborhood,The Waterfront
39 Union St,7304,Jersey City,NJ,Hudson,40.712055,-74.072529,MultiFamily2To4,2015,349767,NA,1001880,NA,5,7,2/28/17,417000,272945,neighborhood,Bergen-Lafayette
129 Franklin St APT B1,7307,Jersey City,NJ,Hudson,40.647879,-74.1898,Condominium,NA,NA,NA,NA,NA,1,2,NA,NA,31388,city,Elizabeth
15 Warren St APT 411X,7302,Jersey City,NJ,Hudson,40.711566,-74.040208,SingleFamily,2012,1966188,2002,63649,1370,NA,NA,NA,NA,273483,neighborhood,Downtown
142 Webster Ave # B1,7307,Jersey City,NJ,Hudson,40.743428,-74.046641,Condominium,2015,198202,NA,2500,992,1,2,12/9/16,335000,275707,neighborhood,The Heights
311 Washington St APT 11D,7302,Jersey City,NJ,Hudson,40.719261,-74.037261,Condominium,2015,561293,2007,10000,1306,2,2,8/22/16,830000,275730,neighborhood,The Waterfront
357 Varick St # 126A,7302,Jersey City,NJ,Hudson,40.720723,-74.048466,Condominium,2015,307128,NA,27399,802,1,1,10/7/16,474000,273483,neighborhood,Downtown
354 Terrace Ave,7307,Jersey City,NJ,Hudson,40.75806,-74.052084,SingleFamily,2015,383078,NA,385219,NA,2,4,10/17/16,439650,275707,neighborhood,The Heights
77 Hudson St APT 1504,7302,Jersey City,NJ,Hudson,40.714542,-74.034598,Condominium,2015,11659,NA,80586,758,1,1,8/30/16,739000,275730,neighborhood,The Waterfront
1 Greene St APT 209,7302,Jersey City,NJ,Hudson,40.712794,-74.036888,Condominium,2015,478348,NA,51836,1197,2,2,12/8/16,765000,275730,neighborhood,The Waterfront
479 Monmouth St # 1,7302,Jersey City,NJ,Hudson,40.726935,-74.048652,Condominium,2015,243505,NA,2500,522,NA,NA,6/18/10,180000,273483,neighborhood,Downtown
136 Sherman Ave,7307,Jersey City,NJ,Hudson,40.745161,-74.045903,MultiFamily2To4,2015,266489,1920,2000,1824,2,5,9/16/16,380000,275707,neighborhood,The Heights
108 Sanford Pl,7307,Jersey City,NJ,Hudson,40.74712,-74.055515,MultiFamily2To4,2015,283144,NA,2212,NA,3,5,3/15/17,435000,275707,neighborhood,The Heights
72 Bidwell Ave,7305,Jersey City,NJ,Hudson,40.703873,-74.079325,SingleFamily,2015,188541,NA,2500,NA,NA,NA,2/14/17,275000,189019,neighborhood,Greenville
45 River Dr S APT 2904,7310,Jersey City,NJ,Hudson,40.727601,-74.032081,Condominium,2015,26316,1989,43996,909,1,1,8/15/16,580000,275730,neighborhood,The Waterfront
129 Orient Ave,7305,Jersey City,NJ,Hudson,40.711657,-74.082016,SingleFamily,2015,191872,1991,2775,NA,NA,NA,1/10/17,227000,272945,neighborhood,Bergen-Lafayette
46 Bleecker St,7307,Jersey City,NJ,Hudson,40.750659,-74.048802,SingleFamily,2015,149900,NA,482,NA,NA,NA,9/16/16,220000,275707,neighborhood,The Heights
235 North St,7307,Jersey City,NJ,Hudson,40.754417,-74.05115,SingleFamily,2015,245503,1930,871,1400,1,3,2/22/17,174300,275707,neighborhood,The Heights
311 Washington St APT 7E,7302,Jersey City,NJ,Hudson,40.719261,-74.037261,Condominium,2015,515657,2007,10000,1200,2,2,11/1/16,790000,275730,neighborhood,The Waterfront
372 2nd St # 4,7302,Jersey City,NJ,Hudson,40.72319,-74.049964,Condominium,2015,197868,2001,1677,530,1,1,5/10/06,290000,273483,neighborhood,Downtown
268 Clendenny Ave,7304,Jersey City,NJ,Hudson,40.721663,-74.088405,SingleFamily,2015,304130,NA,2540,NA,1,3,12/28/16,280000,276653,neighborhood,West Side
302 Palisade Ave APT 302,7307,Jersey City,NJ,Hudson,40.7388,-74.0473,Condominium,NA,NA,2016,NA,1015,2,2,9/1/16,457900,275707,neighborhood,The Heights
15 Warren St APT 102,7302,Jersey City,NJ,Hudson,40.711566,-74.040208,Condominium,2015,16656,NA,63650,1395,2,2,9/8/16,989000,273483,neighborhood,Downtown
21 Pierce Ave,7307,Jersey City,NJ,Hudson,40.751482,-74.050518,MultiFamily2To4,2015,335110,1870,1395,NA,3,5,8/29/16,419000,275707,neighborhood,The Heights
523 Liberty Ave,7307,Jersey City,NJ,Hudson,40.754744,-74.053954,MultiFamily2To4,2015,183211,2016,2500,2600,6,6,1/13/17,765000,275707,neighborhood,The Heights
270 Armstrong Ave,7305,Jersey City,NJ,Hudson,40.7056,-74.090763,SingleFamily,2015,261160,NA,1938,NA,NA,4,9/9/16,255000,189019,neighborhood,Greenville
10 Huron Ave APT 1A,7306,Jersey City,NJ,Hudson,40.736145,-74.061767,Apartment,2015,211526,NA,NA,794,1,1,10/14/16,250000,274157,neighborhood,Journal Square
182 Lexington Ave,7304,Jersey City,NJ,Hudson,40.720696,-74.084447,SingleFamily,2015,283144,NA,1999,NA,NA,NA,2/14/17,68000,276653,neighborhood,West Side
117 Clinton Ave,7304,Jersey City,NJ,Hudson,40.717381,-74.076135,SingleFamily,2015,240839,NA,1515,NA,NA,NA,2/7/17,198500,272945,neighborhood,Bergen-Lafayette
218 York St # 5,7302,Jersey City,NJ,Hudson,40.71695,-74.043721,SingleFamily,2015,247169,1901,1516,NA,NA,NA,1/13/17,1250000,273483,neighborhood,Downtown
62 Lexington Ave,7304,Jersey City,NJ,Hudson,40.718379,-74.07954,MultiFamily2To4,2015,324117,1901,2191,NA,3,6,2/10/17,131000,276653,neighborhood,West Side
56 Seaview Ave,7305,Jersey City,NJ,Hudson,40.690116,-74.094279,SingleFamily,2015,267155,1901,3500,NA,1,4,10/19/16,275000,189019,neighborhood,Greenville
337 Pavonia Ave # 5,7302,Jersey City,NJ,Hudson,40.727784,-74.049301,SingleFamily,2015,274817,NA,1668,NA,NA,NA,11/16/16,827500,273483,neighborhood,Downtown
201 Saint Pauls Ave APT 15F,7306,Jersey City,NJ,Hudson,40.736748,-74.06031,Condominium,2015,207862,NA,NA,780,1,2,2/21/17,310000,274157,neighborhood,Journal Square
294 Princeton Ave,7305,Jersey City,NJ,Hudson,40.690583,-74.090167,SingleFamily,2015,263158,NA,2125,2200,3,4,10/12/16,270000,189019,neighborhood,Greenville
33 Towers St,7305,Jersey City,NJ,Hudson,40.711062,-74.089843,SingleFamily,2015,266489,NA,1620,NA,NA,NA,11/17/16,264000,189019,neighborhood,Greenville
1 Greene St APT 303,7302,Jersey City,NJ,Hudson,40.712577,-74.036981,Condominium,2015,782812,NA,51836,2100,3,3,7/31/13,999000,275730,neighborhood,The Waterfront
700 Grove St APT 3V,7310,Jersey City,NJ,Hudson,40.73592,-74.04037,Condominium,NA,NA,NA,NA,709,1,1,11/18/16,465000,273483,neighborhood,Downtown
7 Grant Ave # 5,7305,Jersey City,NJ,Hudson,40.707242,-74.078245,SingleFamily,2015,374417,2005,2374,NA,NA,NA,9/26/05,447950,189019,neighborhood,Greenville
159 Bartholdi Ave,7305,Jersey City,NJ,Hudson,40.697629,-74.09782,MultiFamily2To4,2015,340773,1900,NA,NA,2,4,12/28/16,154400,189019,neighborhood,Greenville
48 Bidwell Ave,7305,Jersey City,NJ,Hudson,40.703288,-74.078563,SingleFamily,2016,235251,NA,2500,NA,NA,NA,1/31/17,192000,189019,neighborhood,Greenville
107 Hancock Ave,7307,Jersey City,NJ,Hudson,40.746305,-74.04719,SingleFamily,2015,293138,NA,2250,NA,2,4,1/10/17,425000,275707,neighborhood,The Heights
821 Secaucus Rd,7307,Jersey City,NJ,Hudson,40.757902,-74.047975,MultiFamily2To4,2015,479681,NA,2374,3200,3,9,11/17/16,590000,275707,neighborhood,The Heights
1 Greene St APT 608,7302,Jersey City,NJ,Hudson,40.712583,-74.036727,Condominium,2015,435376,NA,51836,1005,1,2,3/23/17,760000,275730,neighborhood,The Waterfront
52 Neptune Ave,7305,Jersey City,NJ,Hudson,40.690424,-74.093518,MultiFamily2To4,2015,309794,NA,2204,NA,3,4,8/11/16,260000,189019,neighborhood,Greenville
264 Custer Ave,7305,Jersey City,NJ,Hudson,40.695701,-74.10097,SingleFamily,2015,444038,2009,2762,3960,NA,NA,9/27/16,50000,189019,neighborhood,Greenville
150 Bidwell Ave,7305,Jersey City,NJ,Hudson,40.705823,-74.082125,MultiFamily2To4,2016,218965,1910,2818,2010,NA,NA,1/4/17,257500,189019,neighborhood,Greenville
125 Carlton Ave,7306,Jersey City,NJ,Hudson,40.744328,-74.060209,MultiFamily2To4,2015,413058,1900,2613,2700,1,0,1/4/17,472500,275707,neighborhood,The Heights
1400 5th St APT 8,7047,North Bergen,NJ,Hudson,40.758193,-74.048005,Condominium,2015,74046,NA,NA,500,1,1,2/22/17,110000,40038,city,North Bergen
649 Jersey Ave,7302,Jersey City,NJ,Hudson,40.726349,-74.045587,Apartment,2015,732844,1887,1721,NA,1,1,2/22/17,1433000,273483,neighborhood,Downtown
700 1st St # 13RS,7030,Hoboken,NJ,Hudson,40.739465,-74.042122,Condominium,2015,623929,2004,1220,1220,2,2,2/22/17,730000,25146,city,Hoboken
312 Forest St,7032,Kearny,NJ,Hudson,40.7641,-74.14425,SingleFamily,2015,216059,1900,2500,NA,2,2,2/22/17,240000,5382,city,Kearny
600 Harbor Blvd UNIT 871,7086,Weehawken,NJ,Hudson,40.758385,-74.025382,Condominium,2015,439288,2000,NA,887,1,1,2/22/17,487000,48385,city,Weehawken
17 Broadway,7002,Bayonne,NJ,Hudson,40.645885,-74.128517,SingleFamily,2015,263095,NA,2147,NA,2,3,2/22/17,260000,21685,city,Bayonne
172 Bergen Ave,7305,Jersey City,NJ,Hudson,40.708335,-74.085069,MultiFamily2To4,2015,188875,1925,1451,2700,3,7,2/22/17,140000,189019,neighborhood,Greenville
267 Arlington Ave # B,7305,Jersey City,NJ,Hudson,40.710815,-74.073098,MultiFamily2To4,2015,413058,2006,6100,1486,2,3,2/22/17,345000,272945,neighborhood,Bergen-Lafayette
208 Jackson St APT 3,7030,Hoboken,NJ,Hudson,40.740928,-74.040759,Condominium,2015,639491,2000,1258,1260,2,2,2/22/17,875000,25146,city,Hoboken
85 Bowers St,7307,Jersey City,NJ,Hudson,40.746432,-74.046436,SingleFamily,2015,349766,NA,2178,NA,NA,NA,2/22/17,257000,275707,neighborhood,The Heights
6208 Jackson St # 22,7093,West New York,NJ,Hudson,40.792532,-74.01704,Condominium,2015,232489,NA,17,1108,NA,NA,NA,NA,36529,city,West New York
4 Schultz Pl,7094,Secaucus,NJ,Hudson,40.79641,-74.055587,SingleFamily,2015,301522,1964,5005,1248,2,3,2/22/17,510000,33911,city,Secaucus
6506 Palisade Ave,7093,West New York,NJ,Hudson,40.792065,-74.010401,SingleFamily,2015,296336,NA,2513,NA,NA,NA,2/22/17,410000,36529,city,West New York
201 Saint Pauls Ave APT 15F,7306,Jersey City,NJ,Hudson,40.736748,-74.06031,Condominium,2015,207862,NA,NA,780,1,2,2/21/17,310000,274157,neighborhood,Journal Square
212 Freeman Ave,7306,Jersey City,NJ,Hudson,40.729836,-74.081722,SingleFamily,2015,549633,2007,1999,3072,NA,NA,2/21/17,440000,276653,neighborhood,West Side
136 Ege Ave,7304,Jersey City,NJ,Hudson,40.713823,-74.081713,SingleFamily,2015,193204,NA,3001,NA,2,3,2/21/17,326000,272945,neighborhood,Bergen-Lafayette
300 Communipaw Ave APT 21,7304,Jersey City,NJ,Hudson,40.709768,-74.060524,Condominium,2015,15989,2016,187308,1238,1,2,2/21/17,415000,272945,neighborhood,Bergen-Lafayette
74 South St,7307,Jersey City,NJ,Hudson,40.74874,-74.044857,SingleFamily,2015,349766,NA,2060,NA,NA,NA,2/21/17,385000,275707,neighborhood,The Heights
110 Leonard St,7307,Jersey City,NJ,Hudson,40.756823,-74.048032,Condominium,2015,629580,2014,2500,2925,4,6,2/21/17,765000,275707,neighborhood,The Heights
126 Bright St APT 301,7302,Jersey City,NJ,Hudson,40.717945,-74.050453,Condominium,2015,546302,NA,2500,1131,NA,NA,2/21/17,555000,273483,neighborhood,Downtown
209 Stewart Ave,7032,Kearny,NJ,Hudson,40.775485,-74.139288,SingleFamily,2015,292809,1950,4121,1650,3,3,2/21/17,295000,5382,city,Kearny
83 Bentley Ave,7304,Jersey City,NJ,Hudson,40.720953,-74.077595,SingleFamily,2015,473018,1900,5732,NA,5,7,2/21/17,879000,276653,neighborhood,West Side
31 Waldo Ave,7306,Jersey City,NJ,Hudson,40.726747,-74.057886,MultiFamily5Plus,2015,399733,NA,NA,1290,1,3,2/21/17,603000,274157,neighborhood,Journal Square
86 W 12th St,7002,Bayonne,NJ,Hudson,40.658017,-74.128468,SingleFamily,2015,180578,NA,2500,NA,2,4,2/21/17,305000,21685,city,Bayonne
321 15th St,7087,Union City,NJ,Hudson,40.760727,-74.034713,SingleFamily,2015,281210,NA,2922,NA,3,5,2/21/17,295000,54791,city,Union City
39A Willow St,7002,Bayonne,NJ,Hudson,40.670938,-74.110006,SingleFamily,2015,160966,1920,1237,1311,3,3,2/21/17,310000,21685,city,Bayonne
3726 Liberty Ave,7047,North Bergen,NJ,Hudson,40.779677,-74.036147,MultiFamily2To4,2015,263296,1916,3197,2184,4,7,2/21/17,455000,189654,neighborhood,New Durham
7411 3rd Ave,7047,North Bergen,NJ,Hudson,40.800003,-74.011267,Unknown,NA,NA,NA,NA,NA,NA,NA,NA,NA,762011,neighborhood,Racetrack
307 59th St,7093,West New York,NJ,Hudson,40.786466,-74.013614,SingleFamily,2015,364763,NA,2500,NA,2,3,2/21/17,446900,36529,city,West New York
7716 Kennedy Blvd APT 3B,7047,North Bergen,NJ,Hudson,40.803138,-74.011466,Condominium,2015,287352,2007,NA,1267,2,2,2/21/17,342000,762011,neighborhood,Racetrack
605 1st St APT 1F,7030,Hoboken,NJ,Hudson,40.739072,-74.040376,Condominium,2015,278304,1901,479,479,1,1,2/20/17,340000,25146,city,Hoboken
151 Van Horne St,7304,Jersey City,NJ,Hudson,40.711476,-74.065813,MultiFamily2To4,2015,209860,NA,NA,NA,3,5,2/20/17,479000,272945,neighborhood,Bergen-Lafayette
117 North St,7307,Jersey City,NJ,Hudson,40.752664,-74.046442,SingleFamily,2015,199867,NA,1903,NA,2,2,2/20/17,525000,275707,neighborhood,The Heights
313 Ann St,7029,Harrison,NJ,Hudson,40.746557,-74.149674,Townhouse,2015,216905,NA,NA,NA,2,2,2/19/17,625000,8762,city,Harrison
136 Newark Ave APT 6,7302,Jersey City,NJ,Hudson,40.720277,-74.043405,MultiFamily2To4,NA,NA,NA,NA,1050,2,3,2/17/17,730000,273483,neighborhood,Downtown
153 Beacon Ave,7306,Jersey City,NJ,Hudson,40.737754,-74.056696,SingleFamily,2015,399733,NA,2617,NA,3,5,2/17/17,525000,275707,neighborhood,The Heights
212 Olean Ave,7306,Jersey City,NJ,Hudson,40.728188,-74.077469,Townhouse,2015,264157,NA,2178,800,1,2,2/17/17,190000,276653,neighborhood,West Side
2 Parkside Ln,7002,Bayonne,NJ,Hudson,40.661747,-74.127604,SingleFamily,2015,306147,1942,3206,1052,2,4,2/17/17,341000,21685,city,Bayonne
41 Rutland Ave,7032,Kearny,NJ,Hudson,40.766467,-74.150388,MultiFamily2To4,2015,247018,NA,2178,NA,2,4,2/17/17,232000,5382,city,Kearny
559 Garfield Ave,7305,Jersey City,NJ,Hudson,40.700402,-74.080009,SingleFamily,2016,253347,NA,2465,NA,NA,NA,2/17/17,275000,189019,neighborhood,Greenville
1093 Summit Ave # 202,7307,Jersey City,NJ,Hudson,40.752239,-74.048484,Condominium,2015,114590,NA,NA,626,1,2,2/17/17,169000,275707,neighborhood,The Heights
417 59th St,7093,West New York,NJ,Hudson,40.787334,-74.015483,SingleFamily,2015,330550,NA,2500,NA,NA,NA,2/17/17,260000,36529,city,West New York
6119 Monitor Pl,7093,West New York,NJ,Hudson,40.787392,-74.006654,MultiFamily2To4,2015,620690,NA,3301,NA,4,3,2/17/17,790000,36529,city,West New York
1118 72nd St,7047,North Bergen,NJ,Hudson,40.799847,-74.015385,MultiFamily2To4,2015,272881,NA,2374,NA,3,6,2/17/17,365000,40038,city,North Bergen
410 77th St,7047,North Bergen,NJ,Hudson,40.799804,-74.006099,SingleFamily,2015,258598,1916,3301,2084,1,4,2/17/17,360000,40038,city,North Bergen
525 35th St,7087,Union City,NJ,Hudson,40.774005,-74.029128,SingleFamily,2015,236379,1903,2500,1000,1,2,2/17/17,310000,54791,city,Union City
1 Greene St APT 304,7302,Jersey City,NJ,Hudson,40.712767,-74.037068,MultiFamily5Plus,2015,436043,1986,51836,1524,2,2,2/16/17,875000,275730,neighborhood,The Waterfront
117 Kensington Ave APT 304,7304,Jersey City,NJ,Hudson,40.723667,-74.077187,Condominium,2015,232179,1889,13360,1600,3,4,2/16/17,345000,276653,neighborhood,West Side
159 Charles St,7094,Secaucus,NJ,Hudson,40.771575,-74.06389,SingleFamily,2015,297246,1956,5602,1820,NA,NA,2/16/17,475000,33911,city,Secaucus
65 Fleet St # 402,7306,Jersey City,NJ,Hudson,40.73404,-74.054582,Unknown,NA,NA,NA,NA,NA,NA,NA,NA,NA,275707,neighborhood,The Heights
206 6th St APT 1L,7302,Jersey City,NJ,Hudson,40.72531,-74.04276,Condominium,NA,NA,2007,NA,550,1,1,NA,NA,273483,neighborhood,Downtown
297 Fulton Ave,7305,Jersey City,NJ,Hudson,40.706909,-74.090843,MultiFamily2To4,2015,316456,NA,2779,NA,3,7,2/16/17,380000,189019,neighborhood,Greenville
4508 Smith Ave # 3-2D,7047,North Bergen,NJ,Hudson,40.781225,-74.026833,Condominium,2015,239053,1986,812,812,NA,NA,2/16/17,186000,245503,neighborhood,Meadowview
64 Bowers St,7307,Jersey City,NJ,Hudson,40.74643,-74.045145,MultiFamily2To4,2015,386409,NA,NA,NA,2,2,10/25/07,360000,275707,neighborhood,The Heights
1100 Maxwell Ln UNIT 1103,7030,Hoboken,NJ,Hudson,40.749663,-74.025069,Condominium,2015,1137460,2014,NA,1315,2,2,NA,NA,25146,city,Hoboken
201 Saint Pauls Ave APT 10L,7306,Jersey City,NJ,Hudson,40.737102,-74.060272,Condominium,2015,132578,NA,134600,530,NA,NA,6/30/97,85000,274157,neighborhood,Journal Square
635 Garden St APT 5,7030,Hoboken,NJ,Hudson,40.744735,-74.03042,Condominium,2015,598106,1901,8080,1245,1,2,2/16/17,670400,25146,city,Hoboken
1450 Washington St APT 613,7030,Hoboken,NJ,Hudson,40.753839,-74.02596,Condominium,2015,588182,NA,NA,778,1,1,2/16/17,695000,25146,city,Hoboken
134 Gates Avenue #I,7305,Jersey City,NJ,Hudson,40.692365,-74.096997,Condominium,NA,NA,NA,NA,1534,2,3,1/14/17,209275,189019,neighborhood,Greenville
107 Willow Ter,7030,Hoboken,NJ,Hudson,40.745312,-74.03268,SingleFamily,2015,847316,1901,622,1744,3,4,2/16/17,110000,25146,city,Hoboken
46 E 37th St,7002,Bayonne,NJ,Hudson,40.673909,-74.107257,SingleFamily,2015,267879,1920,2500,2052,NA,NA,2/16/17,185000,21685,city,Bayonne
10 Huron Ave APT 12K,7306,Jersey City,NJ,Hudson,40.73615,-74.061805,MultiFamily2To4,2015,295802,NA,NA,1110,2,2,2/16/17,321000,274157,neighborhood,Journal Square
129 Harrison St APT 2,7030,Hoboken,NJ,Hudson,40.740398,-74.041351,Condominium,2015,402571,NA,850,850,1,1,2/9/17,495000,25146,city,Hoboken
2012 41st St,7047,North Bergen,NJ,Hudson,40.782527,-74.036257,SingleFamily,2015,379816,NA,2274,2600,5,8,2/16/17,415000,189654,neighborhood,New Durham
426 78th St APT 1,7047,North Bergen,NJ,Hudson,40.800266,-74.005809,Condominium,2015,107875,1930,222,619,1,1,2/17/17,120000,40038,city,North Bergen
210 67th St,7093,West New York,NJ,Hudson,40.792075,-74.007236,MultiFamily2To4,2015,337015,NA,2500,NA,3,5,2/16/17,405000,36529,city,West New York
159 Pearsall Ave,7305,Jersey City,NJ,Hudson,40.695218,-74.094673,MultiFamily2To4,2015,312458,NA,2918,NA,2,5,2/15/17,310000,189019,neighborhood,Greenville
407 30th St APT 2,7087,Union City,NJ,Hudson,40.770814,-74.029186,Condominium,2015,319177,2005,35,1450,2,1,2/15/17,205000,54791,city,Union City
329 Palisade Ave APT 7,7307,Jersey City,NJ,Hudson,40.740127,-74.047115,Condominium,2015,174551,1910,2500,698,1,3,2/15/17,307000,275707,neighborhood,The Heights
24 Richard St,7305,Jersey City,NJ,Hudson,40.69988,-74.079299,SingleFamily,2015,244837,NA,2043,NA,NA,NA,2/15/17,89000,189019,neighborhood,Greenville
3819 Kennedy Blvd,7087,Union City,NJ,Hudson,40.777016,-74.029233,MultiFamily2To4,2015,291292,1920,1664,NA,4,80,2/15/17,230000,54791,city,Union City
119 W 13th St,7002,Bayonne,NJ,Hudson,40.65971,-74.129226,SingleFamily,2015,249940,NA,2500,NA,2,3,2/15/17,334000,21685,city,Bayonne
714 Hamilton St,7029,Harrison,NJ,Hudson,40.748984,-74.151023,SingleFamily,2015,216010,2016,2500,NA,5,5,2/15/17,625000,8762,city,Harrison
265 Custer Ave APT 102,7305,Jersey City,NJ,Hudson,40.696327,-74.101996,Condominium,NA,NA,NA,NA,2020,3,3,2/15/17,395000,189019,neighborhood,Greenville
644 38TH St # 46,7087,UNION CITY,NJ,Hudson,40.777519,-74.031103,MultiFamily2To4,2015,522951,NA,5001,1408,3,7,2/15/17,300000,54791,city,Union City
75 Booraem Ave,7307,Jersey City,NJ,Hudson,40.739649,-74.049916,SingleFamily,2015,243837,1890,1660,NA,NA,NA,2/15/17,625000,275707,neighborhood,The Heights
443 2nd St APT 111,7302,Jersey City,NJ,Hudson,40.72314,-74.05166,Condominium,NA,NA,NA,1180,NA,2,2,2/2/17,790000,273483,neighborhood,Downtown
119 Oxford Ave,7304,Jersey City,NJ,Hudson,40.719246,-74.080619,MultiFamily2To4,2015,401066,2004,2274,3030,2,6,2/15/17,345000,276653,neighborhood,West Side
229 Brunswick St APT 3,7302,Jersey City,NJ,Hudson,40.727855,-74.050323,Condominium,2015,177882,1884,950,534,1,1,2/15/17,310000,273483,neighborhood,Downtown
324 York St # 1,7302,Jersey City,NJ,Hudson,40.662272,-74.188674,Condominium,2015,636243,1877,1799,1367,2,2,2/15/17,745000,31388,city,Elizabeth
165 Vroom St APT 4A,7306,Jersey City,NJ,Hudson,40.729118,-74.068168,Condominium,2015,49300,NA,NA,369,1,0,2/15/17,135000,274157,neighborhood,Journal Square
14 Richard St,7305,Jersey City,NJ,Hudson,40.69963,-74.079089,SingleFamily,2015,233845,NA,1625,NA,NA,NA,2/15/17,140000,189019,neighborhood,Greenville
403 N 5th St,7029,Harrison,NJ,Hudson,40.749791,-74.154807,MultiFamily2To4,2015,335980,1900,2178,NA,3,6,2/15/17,410000,8762,city,Harrison
63 Jewett Ave,7304,Jersey City,NJ,Hudson,40.72094,-74.069574,MultiFamily2To4,2015,299800,1900,2500,2500,2,3,2/15/17,156500,274464,neighborhood,McGinley Square
30 E 29th St,7002,Bayonne,NJ,Hudson,40.667771,-74.113329,MultiFamily2To4,2015,421430,NA,3145,NA,4,7,2/15/17,425000,21685,city,Bayonne
174 Brighton Ave,7032,Kearny,NJ,Hudson,40.76447,-74.152259,SingleFamily,2015,247339,NA,2614,NA,2,3,2/15/17,242000,5382,city,Kearny
8008 Grand Ave,7047,North Bergen,NJ,Hudson,40.805981,-74.014315,SingleFamily,2015,327006,2007,2500,2208,3,3,2/15/17,429000,40038,city,North Bergen
6217 Jefferson St,7093,West New York,NJ,Hudson,40.79372,-74.018386,SingleFamily,2015,198007,1919,1751,874,NA,NA,2/15/17,180000,36529,city,West New York
9011 Fulton Ave,7047,North Bergen,NJ,Hudson,40.80845,-73.999347,MultiFamily2To4,2015,557602,1916,4791,4416,4,5,2/15/17,540000,34896,neighborhood,Woodcliff
182 Lexington Ave,7304,Jersey City,NJ,Hudson,40.720696,-74.084447,SingleFamily,2015,283144,NA,1999,NA,NA,NA,2/14/17,68000,276653,neighborhood,West Side
615 Avenue A,7002,Bayonne,NJ,Hudson,40.669873,-74.123041,SingleFamily,2015,233676,NA,1825,NA,2,3,2/14/17,300000,21685,city,Bayonne
147 Warner Ave,7305,Jersey City,NJ,Hudson,40.701822,-74.091586,MultiFamily2To4,2015,215523,NA,NA,NA,3,4,2/28/97,155000,189019,neighborhood,Greenville
1 Shore Ln APT 2012,7310,Jersey City,NJ,Hudson,40.730388,-74.032325,Condominium,2015,24650,2000,40511,1335,2,2,5/20/08,764498,275730,neighborhood,The Waterfront
155 Sherman Ave APT 1,7307,Jersey City,NJ,Hudson,40.746112,-74.046287,Condominium,NA,NA,NA,NA,1209,1,2,NA,NA,275707,neighborhood,The Heights
72 Bidwell Ave,7305,Jersey City,NJ,Hudson,40.703873,-74.079325,SingleFamily,2015,188541,NA,2500,NA,NA,NA,2/14/17,275000,189019,neighborhood,Greenville
24 W 34th St,7002,Bayonne,NJ,Hudson,40.673338,-74.111669,SingleFamily,2015,333413,1920,4748,1840,NA,NA,2/14/17,340000,21685,city,Bayonne
456 9th St APT 35,7030,Hoboken,NJ,Hudson,40.748933,-74.034576,Condominium,2015,431777,1987,814,814,1,1,2/14/17,555000,25146,city,Hoboken
212 Fulton Ave,7305,Jersey City,NJ,Hudson,40.70502,-74.086982,MultiFamily2To4,2015,333111,2004,2613,NA,5,8,2/14/17,400000,189019,neighborhood,Greenville
10 Regent St APT 512,7302,Jersey City,NJ,Hudson,40.715618,-74.046516,Condominium,2015,14990,NA,NA,1180,2,2,2/14/17,860000,273483,neighborhood,Downtown
35 N Midland Ave,7032,Kearny,NJ,Hudson,40.774523,-74.149236,SingleFamily,2015,252499,NA,NA,NA,2,3,2/14/17,350000,5382,city,Kearny
311 70th St,7093,Guttenberg,NJ,Hudson,40.794511,-74.007875,SingleFamily,2015,314422,NA,2500,2400,4,4,2/14/17,535000,18420,city,Guttenberg
125 70th St APT 3G,7093,Guttenberg,NJ,Hudson,40.792942,-74.004547,Condominium,2015,247476,2005,NA,920,2,1,2/14/17,200000,18420,city,Guttenberg
124 Ivy St,7032,Kearny,NJ,Hudson,40.7591,-74.1443,SingleFamily,2015,356660,1971,2988,1636,40,NA,9/24/96,150000,5382,city,Kearny
12 Elm Ct,7002,Bayonne,NJ,Hudson,40.654902,-74.120232,MultiFamily2To4,2015,378378,2002,NA,NA,4,6,2/13/17,420000,21685,city,Bayonne
117 Bloomfield St APT 1A,7030,Hoboken,NJ,Hudson,40.738143,-74.031425,Condominium,2015,685161,2007,956,956,2,2,2/13/17,653000,25146,city,Hoboken
88 Morgan St APT 4401,7302,Jersey City,NJ,Hudson,40.719844,-74.035942,Condominium,2015,6995,NA,75542,843,1,1,2/13/17,682500,275730,neighborhood,The Waterfront
1702 Central Ave,7087,Union City,NJ,Hudson,40.767345,-74.032692,Condominium,NA,NA,NA,NA,866,1,1,2/13/17,375000,54791,city,Union City
411 25th St,7087,Union City,NJ,Hudson,40.76779,-74.031545,MultiFamily2To4,2015,332476,1903,2199,2472,4,9,2/13/17,487000,54791,city,Union City
600 Hudson St APT 4A,7030,Hoboken,NJ,Hudson,40.743511,-74.028172,Condominium,2015,686739,NA,1220,1220,2,2,2/13/17,855000,25146,city,Hoboken
2500 New York Ave,7087,Union City,NJ,Hudson,40.767761,-74.030497,MultiFamily2To4,2015,418275,1913,2500,NA,4,8,2/13/17,530000,54791,city,Union City
112 Grant Ave,7305,Jersey City,NJ,Hudson,40.710045,-74.081771,MultiFamily2To4,2015,191539,NA,3171,NA,1,6,2/13/17,155000,272945,neighborhood,Bergen-Lafayette
3 Greenwich Dr APT 79,7305,Jersey City,NJ,Hudson,40.717174,-74.092991,Condominium,2015,8994,2006,NA,NA,1,0,12/21/06,293610,276653,neighborhood,West Side
82 Madison St # B,7030,Hoboken,NJ,Hudson,40.73832,-74.039511,Condominium,2015,924786,1999,NA,2200,3,3,2/13/17,1450000,25146,city,Hoboken
16 W 12th St,7002,Bayonne,NJ,Hudson,40.656538,-74.125416,SingleFamily,2015,182253,1920,1681,1140,NA,NA,2/13/17,168000,21685,city,Bayonne
372 2nd St # 4,7302,Jersey City,NJ,Hudson,40.72319,-74.049964,Condominium,2015,197868,2001,1677,530,1,1,5/10/06,290000,273483,neighborhood,Downtown
268 Clendenny Ave,7304,Jersey City,NJ,Hudson,40.721663,-74.088405,SingleFamily,2015,304130,NA,2540,NA,1,3,12/28/16,280000,276653,neighborhood,West Side
302 Palisade Ave APT 302,7307,Jersey City,NJ,Hudson,40.7388,-74.0473,Condominium,NA,NA,2016,NA,1015,2,2,9/1/16,457900,275707,neighborhood,The Heights
15 Warren St APT 102,7302,Jersey City,NJ,Hudson,40.711566,-74.040208,Condominium,2015,16656,NA,63650,1395,2,2,9/8/16,989000,273483,neighborhood,Downtown
21 Pierce Ave,7307,Jersey City,NJ,Hudson,40.751482,-74.050518,MultiFamily2To4,2015,335110,1870,1395,NA,3,5,8/29/16,419000,275707,neighborhood,The Heights
523 Liberty Ave,7307,Jersey City,NJ,Hudson,40.754744,-74.053954,MultiFamily2To4,2015,183211,2016,2500,2600,6,6,1/13/17,765000,275707,neighborhood,The Heights
270 Armstrong Ave,7305,Jersey City,NJ,Hudson,40.7056,-74.090763,SingleFamily,2015,261160,NA,1938,NA,NA,4,9/9/16,255000,189019,neighborhood,Greenville
10 Huron Ave APT 1A,7306,Jersey City,NJ,Hudson,40.736145,-74.061767,Apartment,2015,211526,NA,NA,794,1,1,10/14/16,250000,274157,neighborhood,Journal Square
182 Lexington Ave,7304,Jersey City,NJ,Hudson,40.720696,-74.084447,SingleFamily,2015,283144,NA,1999,NA,NA,NA,2/14/17,68000,276653,neighborhood,West Side
117 Clinton Ave,7304,Jersey City,NJ,Hudson,40.717381,-74.076135,SingleFamily,2015,240839,NA,1515,NA,NA,NA,2/7/17,198500,272945,neighborhood,Bergen-Lafayette
218 York St # 5,7302,Jersey City,NJ,Hudson,40.71695,-74.043721,SingleFamily,2015,247169,1901,1516,NA,NA,NA,1/13/17,1250000,273483,neighborhood,Downtown
62 Lexington Ave,7304,Jersey City,NJ,Hudson,40.718379,-74.07954,MultiFamily2To4,2015,324117,1901,2191,NA,3,6,2/10/17,131000,276653,neighborhood,West Side
56 Seaview Ave,7305,Jersey City,NJ,Hudson,40.690116,-74.094279,SingleFamily,2015,267155,1901,3500,NA,1,4,10/19/16,275000,189019,neighborhood,Greenville
337 Pavonia Ave # 5,7302,Jersey City,NJ,Hudson,40.727784,-74.049301,SingleFamily,2015,274817,NA,1668,NA,NA,NA,11/16/16,827500,273483,neighborhood,Downtown
201 Saint Pauls Ave APT 15F,7306,Jersey City,NJ,Hudson,40.736748,-74.06031,Condominium,2015,207862,NA,NA,780,1,2,2/21/17,310000,274157,neighborhood,Journal Square
294 Princeton Ave,7305,Jersey City,NJ,Hudson,40.690583,-74.090167,SingleFamily,2015,263158,NA,2125,2200,3,4,10/12/16,270000,189019,neighborhood,Greenville
33 Towers St,7305,Jersey City,NJ,Hudson,40.711062,-74.089843,SingleFamily,2015,266489,NA,1620,NA,NA,NA,11/17/16,264000,189019,neighborhood,Greenville
1 Greene St APT 303,7302,Jersey City,NJ,Hudson,40.712577,-74.036981,Condominium,2015,782812,NA,51836,2100,3,3,7/31/13,999000,275730,neighborhood,The Waterfront
700 Grove St APT 3V,7310,Jersey City,NJ,Hudson,40.73592,-74.04037,Condominium,NA,NA,NA,NA,709,1,1,11/18/16,465000,273483,neighborhood,Downtown
7 Grant Ave # 5,7305,Jersey City,NJ,Hudson,40.707242,-74.078245,SingleFamily,2015,374417,2005,2374,NA,NA,NA,9/26/05,447950,189019,neighborhood,Greenville
159 Bartholdi Ave,7305,Jersey City,NJ,Hudson,40.697629,-74.09782,MultiFamily2To4,2015,340773,1900,NA,NA,2,4,12/28/16,154400,189019,neighborhood,Greenville
48 Bidwell Ave,7305,Jersey City,NJ,Hudson,40.703288,-74.078563,SingleFamily,2016,235251,NA,2500,NA,NA,NA,1/31/17,192000,189019,neighborhood,Greenville
107 Hancock Ave,7307,Jersey City,NJ,Hudson,40.746305,-74.04719,SingleFamily,2015,293138,NA,2250,NA,2,4,1/10/17,425000,275707,neighborhood,The Heights
821 Secaucus Rd,7307,Jersey City,NJ,Hudson,40.757902,-74.047975,MultiFamily2To4,2015,479681,NA,2374,3200,3,9,11/17/16,590000,275707,neighborhood,The Heights
1 Greene St APT 608,7302,Jersey City,NJ,Hudson,40.712583,-74.036727,Condominium,2015,435376,NA,51836,1005,1,2,3/23/17,760000,275730,neighborhood,The Waterfront
52 Neptune Ave,7305,Jersey City,NJ,Hudson,40.690424,-74.093518,MultiFamily2To4,2015,309794,NA,2204,NA,3,4,8/11/16,260000,189019,neighborhood,Greenville
264 Custer Ave,7305,Jersey City,NJ,Hudson,40.695701,-74.10097,SingleFamily,2015,444038,2009,2762,3960,NA,NA,9/27/16,50000,189019,neighborhood,Greenville
150 Bidwell Ave,7305,Jersey City,NJ,Hudson,40.705823,-74.082125,MultiFamily2To4,2016,218965,1910,2818,2010,NA,NA,1/4/17,257500,189019,neighborhood,Greenville
125 Carlton Ave,7306,Jersey City,NJ,Hudson,40.744328,-74.060209,MultiFamily2To4,2015,413058,1900,2613,2700,1,0,1/4/17,472500,275707,neighborhood,The Heights
6210 Meadowview Ave,7047,North Bergen,NJ,Hudson,40.794215,-74.021693,SingleFamily,2015,197895,1951,3724,676,1,3,2/10/17,265000,40038,city,North Bergen
314 76th St,7047,North Bergen,NJ,Hudson,40.798411,-74.004848,SingleFamily,2015,256154,NA,3798,NA,3,5,2/10/17,540000,40038,city,North Bergen
22 Ave At Port Imperial APT 233,7093,West New York,NJ,Hudson,40.781528,-74.007501,Condominium,2015,23976,NA,NA,1854,NA,2,NA,NA,36529,city,West New York
5612 Hudson Ave # 4,7093,West New York,NJ,Hudson,40.784849,-74.014334,Condominium,2015,94289,NA,396,NA,NA,NA,2/10/17,60000,36529,city,West New York
163 W 9th St,7002,Bayonne,NJ,Hudson,40.658389,-74.133128,SingleFamily,2015,393447,1920,3049,2376,NA,0,2/10/17,270000,21685,city,Bayonne
231 3rd St APT D,7302,Jersey City,NJ,Hudson,40.723189,-74.044459,Condominium,2015,281145,NA,NA,590,1,1,2/9/17,435500,273483,neighborhood,Downtown
36 Hudson Pl,7086,Weehawken,NJ,Hudson,40.772793,-74.017908,MultiFamily2To4,2015,468799,1900,3484,NA,3,6,2/9/17,650000,48385,city,Weehawken
1101 92nd St,7047,North Bergen,NJ,Hudson,40.811055,-74.004823,MultiFamily2To4,2015,355572,NA,1786,2888,3,6,2/9/17,2600,40038,city,North Bergen
519 81st St,7047,North Bergen,NJ,Hudson,40.80302,-74.006042,MultiFamily2To4,2015,235482,1921,2300,1612,2,3,2/10/17,340000,762011,neighborhood,Racetrack
120 32nd St APT 2O,7087,Union City,NJ,Hudson,40.768301,-74.025666,Condominium,2015,100172,NA,586,586,NA,1,2/8/17,135000,54791,city,Union City
10-12 Hartley Pl,7002,BAYONNE,NJ,Hudson,40.655167,-74.133059,MultiFamily2To4,2015,384836,1910,4299,1625,2,4,2/8/17,260000,21685,city,Bayonne
211 2nd St,7030,Hoboken,NJ,Hudson,40.738992,-74.032935,SingleFamily,2015,1332995,2010,1000,2300,2.5,4,2/9/17,1740000,25146,city,Hoboken
54 W 50th St,7002,Bayonne,NJ,Hudson,40.683584,-74.104516,SingleFamily,2015,415690,1960,3021,1200,NA,NA,2/8/17,385000,21685,city,Bayonne
85 Orient Ave,7305,Jersey City,NJ,Hudson,40.710669,-74.080504,SingleFamily,2013,126528,NA,1385,NA,2,3,2/8/17,150000,272945,neighborhood,Bergen-Lafayette
27 Stegman St,7305,Jersey City,NJ,Hudson,40.701575,-74.079799,MultiFamily2To4,2015,466356,2005,2252,NA,5,6,2/8/17,500000,189019,neighborhood,Greenville
75 W 29th St,7002,Bayonne,NJ,Hudson,40.670399,-74.117604,SingleFamily,2015,363310,NA,3049,NA,3,7,2/8/17,385000,21685,city,Bayonne
401 Bergenline Ave APT 5,7087,Union City,NJ,Hudson,40.755008,-74.040878,Condominium,2015,268125,NA,NA,748,NA,2,2/8/17,125000,54791,city,Union City
102 Sycamore Rd,7305,Jersey City,NJ,Hudson,40.698769,-74.101134,MultiFamily2To4,2015,312458,1962,2958,1886,3,4,2/8/17,275000,189019,neighborhood,Greenville
904 Jefferson St APT 3F,7030,Hoboken,NJ,Hudson,40.748561,-74.035301,Condominium,NA,NA,NA,NA,1041,2,2,1/25/17,781000,25146,city,Hoboken
2514 West St # 16,7087,UNION CITY,NJ,Hudson,40.76913,-74.032798,SingleFamily,2015,235950,NA,1969,1998,NA,NA,8/29/16,240000,54791,city,Union City
124 39th St,7087,Union City,NJ,Hudson,40.774084,-74.02216,MultiFamily2To4,2015,288932,1913,2500,1395,NA,3,2/8/17,359000,54791,city,Union City
326 Winfield Ave,7305,Jersey City,NJ,Hudson,40.699528,-74.099787,MultiFamily2To4,2015,399733,1987,2261,NA,2,4,2/8/17,160000,189019,neighborhood,Greenville
1620 Manhattan Ave APT B5,7087,Union City,NJ,Hudson,40.761183,-74.032135,Condominium,2015,766195,NA,3130,3130,3,4,2/8/17,833000,54791,city,Union City
1120 Hudson St APT 8,7030,Hoboken,NJ,Hudson,40.74993,-74.026011,Condominium,2015,512630,NA,889,889,1,2,2/8/17,545000,25146,city,Hoboken
638 Park Ave,7030,Hoboken,NJ,Hudson,40.745109,-74.03164,MultiFamily2To4,2015,1178507,1901,1189,2772,4,8,2/8/17,1250000,25146,city,Hoboken
6009 Jefferson St,7093,West New York,NJ,Hudson,40.791306,-74.02044,MultiFamily2To4,2015,221982,NA,2500,NA,NA,3,2/8/17,167550,36529,city,West New York
301 79th St APT D1,7047,North Bergen,NJ,Hudson,40.799712,-74.003147,Condominium,2015,184176,1930,107158,680,1,2,1/30/17,215000,40038,city,North Bergen
7400 Cottage Ave,7047,North Bergen,NJ,Hudson,40.801852,-74.016668,SingleFamily,2015,152227,1940,2400,980,2,3,2/8/17,349800,40038,city,North Bergen
117 Clinton Ave,7304,Jersey City,NJ,Hudson,40.717381,-74.076135,SingleFamily,2015,240839,NA,1515,NA,NA,NA,2/7/17,198500,272945,neighborhood,Bergen-Lafayette
650 Montgomery St APT 405,7306,Jersey City,NJ,Hudson,40.723996,-74.064595,Condominium,2015,425716,NA,7501,1420,2,2,2/7/17,700000,274464,neighborhood,McGinley Square
54 Parkside Ln,7002,Bayonne,NJ,Hudson,40.663341,-74.126281,SingleFamily,2015,274337,1942,2178,827,2,4,2/7/17,285000,21685,city,Bayonne
76 W 50th St,7002,Bayonne,NJ,Hudson,40.684165,-74.105668,SingleFamily,2015,257355,NA,2500,NA,2,3,2/7/17,272000,21685,city,Bayonne
100 W 15th St,7002,Bayonne,NJ,Hudson,40.660054,-74.127502,MultiFamily2To4,2015,327194,1920,2827,1100,3,5,2/7/17,315000,21685,city,Bayonne
4508 Smith Ave # 3-3D,7047,North Bergen,NJ,Hudson,40.781225,-74.026833,Condominium,2015,232099,1986,1205,1205,NA,2,2/7/17,186000,245503,neighborhood,Meadowview
122 Jackson St APT 3A,7030,Hoboken,NJ,Hudson,40.739608,-74.040987,Condominium,2015,644677,2003,1350,1341,2,3,2/7/17,690000,25146,city,Hoboken
117 Shippen St # 119,7086,WEEHAWKEN,NJ,Hudson,40.765478,-74.027354,Condominium,2015,613427,1925,4400,3247,NA,NA,NA,NA,48385,city,Weehawken
273 Fairmount Ave,7306,Jersey City,NJ,Hudson,40.723919,-74.069489,MultiFamily2To4,2015,278148,NA,962,1800,3,4,2/7/17,429000,274464,neighborhood,McGinley Square
292 Randolph Ave,7304,Jersey City,NJ,Hudson,40.712993,-74.069001,MultiFamily2To4,2015,449700,1967,2500,NA,3,6,2/7/17,340000,272945,neighborhood,Bergen-Lafayette
1500 Washington St APT 7J,7030,Hoboken,NJ,Hudson,40.754533,-74.02574,Condominium,2015,490415,NA,735,735,1,0,2/7/17,635000,25146,city,Hoboken
170 W 17th St,7002,Bayonne,NJ,Hudson,40.663632,-74.12862,MultiFamily2To4,2015,424540,1970,2857,2184,3.5,6,2/7/17,465000,21685,city,Bayonne
51 Wayne St,7302,Jersey City,NJ,Hudson,40.718966,-74.044601,MultiFamily2To4,2011,170000,NA,2199,NA,4,4,2/7/17,1700000,273483,neighborhood,Downtown
62 Stevens Ave,7305,Jersey City,NJ,Hudson,40.701012,-74.086834,MultiFamily2To4,2015,266489,1925,2500,NA,4,7,2/7/17,325000,189019,neighborhood,Greenville
201 45th St APT A5,7087,Union City,NJ,Hudson,40.777696,-74.020584,Apartment,2015,52339,1925,486,486,1,1,8/21/06,125000,54791,city,Union City
224 Bloomfield St APT 11,7030,Hoboken,NJ,Hudson,40.739251,-74.031264,Condominium,2015,677830,NA,NA,1202,2,2,2/7/17,869000,25146,city,Hoboken
224 Madison St APT 3B,7030,Hoboken,NJ,Hudson,40.74113,-74.038784,Condominium,2015,381484,2000,650,750,1,2,2/7/17,335000,25146,city,Hoboken
109 Grant Ave,7029,Harrison,NJ,Hudson,40.748525,-74.162259,SingleFamily,2015,247093,2017,2500,NA,5,5,2/7/17,170000,8762,city,Harrison
7614 Newkirk Ave,7047,North Bergen,NJ,Hudson,40.803765,-74.014588,SingleFamily,2015,257658,1931,3049,2100,NA,4,2/7/17,280000,40038,city,North Bergen
6512 Hudson Ave,7093,West New York,NJ,Hudson,40.791625,-74.008771,MultiFamily2To4,2015,265625,NA,1000,1450,NA,4,2/7/17,310000,36529,city,West New York
428 50th St,7093,West New York,NJ,Hudson,40.782607,-74.019872,SingleFamily,2015,285022,1914,2500,2000,2,4,2/7/17,340000,36529,city,West New York
318 77th St # B,7047,North Bergen,NJ,Hudson,40.798758,-74.004315,Condominium,2016,281916,2006,NA,1342,2,3,2/7/17,300000,40038,city,North Bergen
7000 Kennedy Blvd E APT 28C,7093,Guttenberg,NJ,Hudson,40.790036,-74.000683,Condominium,2015,388858,1975,NA,1546,NA,2,3/4/04,195000,18420,city,Guttenberg
17 W 46th St,7002,Bayonne,NJ,Hudson,40.680941,-74.104964,SingleFamily,2015,239895,1920,2500,1405,NA,NA,2/6/17,130000,21685,city,Bayonne
176 Harrison Ave,7304,Jersey City,NJ,Hudson,40.719903,-74.07623,MultiFamily2To4,2015,332445,NA,1625,NA,4,4,2/6/17,510000,274464,neighborhood,McGinley Square
514 Chestnut St,7032,Kearny,NJ,Hudson,40.768473,-74.143763,SingleFamily,2015,327959,1881,5001,2062,2,4,2/6/17,243700,5382,city,Kearny
323 Forrest St,7304,Jersey City,NJ,Hudson,40.713095,-74.077731,SingleFamily,2015,83278,NA,1999,NA,NA,NA,2/6/17,325000,272945,neighborhood,Bergen-Lafayette
259 Halladay St,7304,Jersey City,NJ,Hudson,40.711652,-74.063826,MultiFamily2To4,NA,NA,NA,2500,NA,7,6,1/31/17,589290,272945,neighborhood,Bergen-Lafayette
31 Obrien Ct,7002,Bayonne,NJ,Hudson,40.661963,-74.131062,MultiFamily2To4,2015,364746,NA,2800,NA,3,6,2/6/17,410000,21685,city,Bayonne
120-122 W 39th St,7002,Bayonne,NJ,Hudson,40.678581,-74.113182,Condominium,2015,51183,NA,536,NA,NA,NA,5/21/15,111100,21685,city,Bayonne
70 Boatworks Dr,7002,Bayonne,NJ,Hudson,40.657303,-74.134682,SingleFamily,2015,316192,2005,1401325,1800,3,2,2/6/17,331000,21685,city,Bayonne
102 Irving St,7307,Jersey City,NJ,Hudson,40.754815,-74.049066,MultiFamily2To4,2015,388407,NA,2500,NA,3,2,2/6/17,430000,275707,neighborhood,The Heights
47 Corbin Ave,7306,Jersey City,NJ,Hudson,40.732129,-74.071993,MultiFamily2To4,2015,399733,1980,3800,3200,4,6,2/6/17,535000,274157,neighborhood,Journal Square
97 Hoyt St,7032,Kearny,NJ,Hudson,40.755125,-74.150678,Townhouse,2015,271848,NA,NA,NA,1,3,2/6/17,250000,5382,city,Kearny
16 E 51st St,7002,Bayonne,NJ,Hudson,40.682867,-74.101297,MultiFamily2To4,2015,378139,1920,3001,2258,2,6,2/6/17,238000,21685,city,Bayonne
267 Grant Ave,7305,Jersey City,NJ,Hudson,40.713152,-74.087743,MultiFamily2To4,2015,452365,2008,2485,3000,4.5,6,2/6/17,460000,276653,neighborhood,West Side
711 9th St,7094,Secaucus,NJ,Hudson,40.79319,-74.068481,SingleFamily,2015,209509,NA,2500,NA,1,2,2/6/17,320000,33911,city,Secaucus
8100 River Rd APT 416,7047,North Bergen,NJ,Hudson,40.7984,-73.995208,Condominium,2015,704191,2007,NA,1472,2,2,2/6/17,556750,40038,city,North Bergen
555 60th St,7093,West New York,NJ,Hudson,40.789617,-74.018277,MultiFamily2To4,2015,323276,NA,2374,NA,2,5,2/6/17,359000,36529,city,West New York
1427 Harmon Cove Tower,7094,Secaucus,NJ,Hudson,40.781321,-74.078738,Condominium,2015,229861,1980,NA,1379,NA,NA,2/6/17,290000,33911,city,Secaucus
1116 73RD St,7047,NORTH BERGEN,NJ,Hudson,40.800515,-74.015002,MultiFamily2To4,2015,245254,1940,5650,812,3,5,2/6/17,475000,40038,city,North Bergen
7000 Kennedy Blvd E APT 50G,7093,Guttenberg,NJ,Hudson,40.790251,-74.000909,Condominium,2015,573130,1975,2200,2137,4,3,2/6/17,599000,18420,city,Guttenberg
7002 Kennedy Blvd E APT 18A,7093,West New York,NJ,Hudson,40.79016,-73.999862,Condominium,2015,224554,1975,NA,919,NA,1,2/6/17,235000,18420,city,Guttenberg
5711 Jefferson St APT 304,7093,West New York,NJ,Hudson,40.789559,-74.022014,Condominium,NA,NA,2011,NA,993,1,1,1/26/17,184000,36529,city,West New York
36 Hamilton Ave,7032,Kearny,NJ,Hudson,40.78186,-74.144371,SingleFamily,2015,335698,1925,5001,1544,2,3,2/6/17,395000,5382,city,Kearny
39 Coles St,7302,Jersey City,NJ,Hudson,40.72302,-74.047811,MultiFamily2To4,2015,616256,NA,2539,NA,4,6,2/5/17,1750000,273483,neighborhood,Downtown
20 Mechanic St,7002,Bayonne,NJ,Hudson,40.661496,-74.114348,MultiFamily2To4,2015,272662,1920,2670,2050,4,5,2/22/17,400000,21685,city,Bayonne
1441 Union Tpke APT A6,7047,North Bergen,NJ,Hudson,40.778538,-74.033022,Condominium,2015,213118,1989,191228,1089,2,3,2/5/17,219000,245503,neighborhood,Meadowview
2436 Harmon Cove Tower,7094,Secaucus,NJ,Hudson,40.781325,-74.078782,Condominium,2015,301180,NA,NA,1842,2.5,2,2/5/17,365000,33911,city,Secaucus
541 Sanderling Ct,7094,Secaucus,NJ,Hudson,40.784294,-74.077086,Condominium,2015,216180,1976,NA,1090,1,1,2/5/17,365000,33911,city,Secaucus
30 Giles Ave,7306,Jersey City,NJ,Hudson,40.734233,-74.072758,SingleFamily,2015,295470,NA,1873,NA,1,2,2/4/17,250000,274157,neighborhood,Journal Square
106 Clinton Ave,7304,Jersey City,NJ,Hudson,40.717438,-74.075225,SingleFamily,2015,287808,1890,1873,1500,2,4,2/3/17,100000,272945,neighborhood,Bergen-Lafayette
183 Zabriskie St,7307,Jersey City,NJ,Hudson,40.748126,-74.058464,SingleFamily,2015,307128,1901,2932,NA,NA,NA,2/3/17,325000,275707,neighborhood,The Heights
277 Sherman Ave # 1B,7307,Jersey City,NJ,Hudson,40.750148,-74.043631,Condominium,2015,324783,NA,5001,1405,NA,NA,2/3/17,550000,275707,neighborhood,The Heights
812 Grand St APT 312,7030,Hoboken,NJ,Hudson,40.747246,-74.033757,Condominium,2015,369193,2004,691,691,1,1,2/3/17,472000,25146,city,Hoboken
370 5th St,7302,Jersey City,NJ,Hudson,40.725388,-74.050644,SingleFamily,2015,268155,1898,871,1199,NA,3,2/13/17,715000,273483,neighborhood,Downtown
803 Willow Ave APT 4N,7030,Hoboken,NJ,Hudson,40.746803,-74.031686,Condominium,2015,448467,NA,770,770,1,2,2/3/17,499000,25146,city,Hoboken
1450 Washington St APT 215,7030,Hoboken,NJ,Hudson,40.753839,-74.02596,Condominium,2015,559427,NA,NA,763,1,1,2/3/17,672000,25146,city,Hoboken
424 67th St,7093,West New York,NJ,Hudson,40.793757,-74.010828,MultiFamily2To4,2015,350216,1920,2500,1875,3,8,2/3/17,275000,36529,city,West New York
203 Pandolfi Ave,7094,Secaucus,NJ,Hudson,40.788609,-74.062916,SingleFamily,2015,318454,1953,5001,1516,NA,NA,2/3/17,515000,33911,city,Secaucus
1700 71st St,7047,North Bergen,NJ,Hudson,40.801381,-74.020304,SingleFamily,2015,139448,1941,2626,NA,1,3,2/3/17,247000,40038,city,North Bergen
12 Emory St,7304,Jersey City,NJ,Hudson,40.719617,-74.071838,SingleFamily,2015,193205,NA,2596,NA,2,4,2/2/17,440000,274464,neighborhood,McGinley Square
275 Custer Ave APT 232,7305,Jersey City,NJ,Hudson,40.69561,-74.10123,Condominium,NA,NA,NA,NA,1294,2.5,2,NA,NA,189019,neighborhood,Greenville
305 New York Ave,7307,Jersey City,NJ,Hudson,40.746649,-74.043942,SingleFamily,2015,266489,NA,2500,NA,NA,NA,1/13/17,700000,275707,neighborhood,The Heights
23 Regency Pl,7086,Weehawken,NJ,Hudson,40.770747,-74.014962,Townhouse,2015,2027484,2004,103712,4000,4,3,2/2/17,2200000,48385,city,Weehawken
17 Chestnut St,7032,Kearny,NJ,Hudson,40.75306,-74.156297,SingleFamily,2015,256692,1900,2500,1920,820,NA,2/2/17,310000,5382,city,Kearny
57-59 W 2ND St,7002,BAYONNE,NJ,Hudson,40.647254,-74.131474,MultiFamily2To4,2015,368333,1928,50,10000,3.5,7,2/2/17,320000,21685,city,Bayonne
159 Newark St APT 1B,7030,Hoboken,NJ,Hudson,40.737065,-74.032426,Condominium,2015,360961,1900,2613,677,1,1,2/2/17,525000,25146,city,Hoboken
217 York St APT 1,7302,Jersey City,NJ,Hudson,40.716519,-74.043859,SingleFamily,2015,551632,NA,1999,NA,NA,NA,9/15/04,10,273483,neighborhood,Downtown
402 9th St APT E2G,7030,Hoboken,NJ,Hudson,40.748328,-74.03356,Condominium,2015,669711,2001,1296,1296,2,2,1/22/17,832000,25146,city,Hoboken
70 W 2nd St,7002,Bayonne,NJ,Hudson,40.64682,-74.132244,SingleFamily,2016,346080,1970,2874,1104,NA,NA,2/2/17,199000,21685,city,Bayonne
500 Central Ave APT 1706,7087,Union City,NJ,Hudson,40.756452,-74.042876,Condominium,2015,215144,1925,NA,531,1,0,2/2/17,200000,54791,city,Union City
316 44th St,7087,Union City,NJ,Hudson,40.778059,-74.022421,MultiFamily2To4,2015,287431,NA,1690,NA,2,5,2/2/17,290000,54791,city,Union City
327 Monroe St APT 2,7030,Hoboken,NJ,Hudson,40.742555,-74.038812,Condominium,2015,260487,1901,4988,500,1,1,2/2/17,339000,25146,city,Hoboken
1500 Hudson St APT 5H,7030,Hoboken,NJ,Hudson,40.754274,-74.024783,Condominium,2015,1152459,NA,1360,1360,2,2,2/2/17,1325000,25146,city,Hoboken
28 Irving St,7307,Jersey City,NJ,Hudson,40.753612,-74.04563,SingleFamily,2015,295802,NA,2600,NA,2,3,2/2/17,455000,275707,neighborhood,The Heights
8305 Newkirk Ave,7047,North Bergen,NJ,Hudson,40.807587,-74.012223,SingleFamily,2015,183800,NA,2016,NA,2,3,2/2/17,360000,40038,city,North Bergen
152 Lydia Dr,7093,Guttenberg,NJ,Hudson,40.789019,-73.999056,Condominium,2015,483831,2000,NA,1482,3,2,2/2/17,587500,36529,city,West New York
6410 Madison St,7093,West New York,NJ,Hudson,40.793018,-74.013938,MultiFamily2To4,2015,687230,NA,2500,NA,7,3,2/2/17,707000,36529,city,West New York
521 28th St,7087,Union City,NJ,Hudson,40.770212,-74.031799,SingleFamily,2015,230588,NA,2500,NA,NA,NA,2/1/17,253000,54791,city,Union City
55 Gardner Ave # 5,7304,Jersey City,NJ,Hudson,40.720112,-74.069651,SingleFamily,2015,179881,NA,1873,NA,NA,NA,3/12/15,90000,274464,neighborhood,McGinley Square
154 W 21st St,7002,Bayonne,NJ,Hudson,40.665693,-74.126243,Apartment,2015,401100,1966,2927,1200,1,3,2/1/17,320000,21685,city,Bayonne
2001 Grand Ave APT 3E,7047,North Bergen,NJ,Hudson,40.768744,-74.041828,Condominium,2015,239617,NA,NA,1350,2,2,2/1/17,295000,40038,city,North Bergen
225 Harrison Ave,7304,Jersey City,NJ,Hudson,40.720319,-74.078342,SingleFamily,2015,374417,NA,2752,2000,1.5,3,2/1/17,422500,276653,neighborhood,West Side
208 Seaview Ave,7305,JERSEY CITY,NJ,Hudson,40.694915,-74.098068,MultiFamily5Plus,2015,165223,2015,2844,2500,3,3,12/29/16,487740,189019,neighborhood,Greenville